Player,Team,Status,Cap Hit (M$)
Pavel Mintyukov,ANA,Bigdawn,0.775
Sam Bennett,FLA,Bigdawn,0.775
Sam Dickinson,SJS,Bigdawn,0.775
Dante Fabbro,CBJ,Bigdawn,0.775
Thomas Chabot,OTT,Bigdawn,0.775
JJ Peterka,UTA,Bigdawn,0.775
Barrett Hayton,UTA,Bigdawn,0.775
Gabe Perreault,NYR,Bigdawn,0.775
Cam Fowler,STL,Bigdawn,0.775
Matthew Knies,TOR,Bigdawn,0.775
Dylan Cozens,OTT,Bigdawn,0.775
Esa Lindell,DAL,Bigdawn,0.775
Jason Robertson,DAL,Bigdawn,0.775
Auston Matthews,TOR,Bigdawn,0.775
Kashawn Aitcheson,NYI,Bigdawn,0.775
Logan Stankoven,CAR,Bigdawn,0.775
Lane Hutson,MTL,Bigdawn,0.775
William Horcoff,PIT,Bigdawn,0.775
Frank Nazar,CHI,Bigdawn,0.775
Nico Hischier,NJD,Bigdawn,0.775
Gabriel Landeskog,COL,Bigdawn,0.775
Brady Martin,NSH,Bigdawn,0.775
,,TOTAL POUR Bigdawn,17.05
Ryan Nugent-Hopkins,EDM,Boeuf_,0.775
Vincent Trocheck,NYR,Boeuf_,0.775
Andrei Svechnikov,CAR,Boeuf_,0.775
Tim Stutzle,OTT,Boeuf_,0.775
Noah Hanifin,VGK,Boeuf_,0.775
Tom Wilson,WSH,Boeuf_,0.775
Matt Coronato,CGY,Boeuf_,0.775
Jack Eichel,VGK,Boeuf_,0.775
Gustav Forsling,FLA,Boeuf_,0.775
Pavel Dorofeyev,VGK,Boeuf_,0.775
Thomas Harley,DAL,Boeuf_,0.775
Alex DeBrincat,DET,Boeuf_,0.775
Cullen Potter,CGY,Boeuf_,0.775
Martin Fehervary,WSH,Boeuf_,0.775
Ivan Barbashev,VGK,Boeuf_,0.775
James Hagens,BOS,Boeuf_,0.775
Anton Lundell,FLA,Boeuf_,0.775
Marco Rossi,MIN,Boeuf_,0.775
Evan Bouchard,EDM,Boeuf_,0.775
Ridly Greig,OTT,Boeuf_,0.775
Mackie Samoskevich,FLA,Boeuf_,0.775
Braden Schneider,NYR,Boeuf_,0.775
Malcolm Spence,NYR,Boeuf_,0.775
Travis Konecny,PHI,Boeuf_,0.775
,,TOTAL POUR Boeuf_,18.60
Will Smith,SJS,DJCarrot,0.775
Brandon Hagel,TBL,DJCarrot,0.775
Wyatt Johnston,DAL,DJCarrot,0.775
Miro Heiskanen,DAL,DJCarrot,0.775
Benjamin Kindel,PIT,DJCarrot,0.775
Sean Monahan,CBJ,DJCarrot,0.775
Mason Marchment,SEA,DJCarrot,0.775
Shayne Gostisbehere,CAR,DJCarrot,0.775
Nikolaj Ehlers,CAR,DJCarrot,0.775
Ivan Demidov,MTL,DJCarrot,0.775
Cale Makar,COL,DJCarrot,0.775
Porter Martone,PHI,DJCarrot,0.775
Anton Frondell,CHI,DJCarrot,0.775
Adam Fox,NYR,DJCarrot,0.775
Brady Tkachuk,OTT,DJCarrot,0.775
Kirill Marchenko,CBJ,DJCarrot,3.85
Cole Perfetti,WPG,DJCarrot,0.775
Lucas Raymond,DET,DJCarrot,0.775
Owen Power,BUF,DJCarrot,0.775
Cutter Gauthier,ANA,DJCarrot,0.775
Zayne Parekh,CGY,DJCarrot,0.775
Josh Norris,BUF,DJCarrot,0.775
Jake OBrien,SEA,DJCarrot,0.775
Matthew Tkachuk,FLA,DJCarrot,0.775
,,TOTAL POUR DJCarrot,21.68
Mikhail Sergachev,UTA,DaddyX23,0.775
Kaiden Guhle,MTL,DaddyX23,0.775
Carter Bear,DET,DaddyX23,0.775
Carter Verhaeghe,FLA,DaddyX23,0.775
Artturi Lehkonen,COL,DaddyX23,0.775
Florian Xhekaj,MTL,DaddyX23,0.775
Blake Coleman,CGY,DaddyX23,0.775
Noah Dobson,MTL,DaddyX23,0.775
Owen Tippett,PHI,DaddyX23,0.775
Ross Colton,COL,DaddyX23,0.775
Martin Necas,COL,DaddyX23,0.775
Ryan Leonard,WSH,DaddyX23,0.775
Kyle Connor,WPG,DaddyX23,0.775
Braeden Cootes,VAN,DaddyX23,0.775
Brandon Montour,SEA,DaddyX23,0.775
Radim Mrtka,BUF,DaddyX23,0.775
Mavrik Bourque,DAL,DaddyX23,0.775
Roger McQueen,ANA,DaddyX23,0.775
Connor McMichael,WSH,DaddyX23,0.775
Caleb Desnoyers,UTA,DaddyX23,0.775
Tij Iginla,UTA,DaddyX23,0.775
Conor Garland,VAN,DaddyX23,0.775
Michael Hage,MTL,DaddyX23,0.775
Seth Jarvis,CAR,DaddyX23,0.775
,,TOTAL POUR DaddyX23,18.60
Philip Broberg,STL,Doumi,0.775
Zach Benson,BUF,Doumi,0.775
Quinn Hughes,VAN,Doumi,0.775
Roman Josi,NSH,Doumi,0.775
Logan Hensler,OTT,Doumi,0.775
Clayton Keller,UTA,Doumi,0.775
Lynden Lakovic,WSH,Doumi,0.775
Connor Zary,CGY,Doumi,0.775
Calum Ritchie,NYI,Doumi,0.775
Seamus Casey,NJD,Doumi,0.775
William Eklund,SJS,Doumi,0.775
MacKenzie Weegar,CGY,Doumi,0.775
Elias Pettersson,VAN,Doumi,0.775
Axel Sandin Pellikka,DET,Doumi,0.775
Rasmus Dahlin,BUF,Doumi,0.775
J.T. Miller,NYR,Doumi,0.775
Filip Forsberg,NSH,Doumi,0.775
Kirill Kaprizov,MIN,Doumi,0.775
Matt Boldy,MIN,Doumi,0.775
Aliaksei Protas,WSH,Doumi,0.775
Gabriel Vilardi,WPG,Doumi,0.775
Alexander Nikishin,CAR,Doumi,0.775
Tage Thompson,BUF,Doumi,0.775
,,TOTAL POUR Doumi,17.82
Anton Silayev,NJD,Fred_Lan,0.775
Alex Tuch,BUF,Fred_Lan,0.775
Mark Stone,VGK,Fred_Lan,0.775
Brayden Yager,WPG,Fred_Lan,0.775
Matt Duchene,DAL,Fred_Lan,0.775
Ville Koivunen,PIT,Fred_Lan,0.775
Cayden Lindstrom,CBJ,Fred_Lan,0.775
Jimmy Snuggerud,STL,Fred_Lan,0.775
Jared McCann,SEA,Fred_Lan,0.775
Carter Yakemchuk,OTT,Fred_Lan,0.775
Jake Neighbours,STL,Fred_Lan,0.775
Beckett Sennecke,ANA,Fred_Lan,0.775
Mika Zibanejad,NYR,Fred_Lan,0.775
Danila Yurov,MIN,Fred_Lan,0.775
Michael Misa,SJS,Fred_Lan,0.975
Jake Walman,EDM,Fred_Lan,0.775
Matthew Savoie,EDM,Fred_Lan,0.775
Sebastian Aho,CAR,Fred_Lan,0.775
Mark Scheifele,WPG,Fred_Lan,0.775
Aaron Ekblad,FLA,Fred_Lan,0.775
Cameron Reid,NSH,Fred_Lan,0.775
Cole Reschny,CGY,Fred_Lan,0.775
Dougie Hamilton,NJD,Fred_Lan,0.775
Adrian Kempe,LAK,Fred_Lan,0.775
John Klingberg,SJS,Fred_Lan,0.775
Neal Pionk,WPG,Fred_Lan,0.775
,,TOTAL POUR Fred_Lan,20.35
Mikko Rantanen,DAL,MagicFac,0.775
Brandt Clarke,LAK,MagicFac,0.775
Lian Bichsel,DAL,MagicFac,0.775
Tyson Foerster,PHI,MagicFac,0.775
Matt Rempe,NYR,MagicFac,0.775
Jakob Chychrun,WSH,MagicFac,0.775
Henry Brzustewicz,LAK,MagicFac,0.775
Evgeni Malkin,PIT,MagicFac,0.775
Cole Caufield,MTL,MagicFac,0.775
Oliver Kapanen,MTL,MagicFac,0.775
Drew Doughty,LAK,MagicFac,0.775
Dylan Strome,WSH,MagicFac,0.775
Jordan Kyrou,STL,MagicFac,0.775
Alexander Zharovsky,MTL,MagicFac,0.775
Darnell Nurse,EDM,MagicFac,0.775
Ivan Ryabkin,CAR,MagicFac,0.775
Zach Werenski,CBJ,MagicFac,0.775
Brayden Point,TBL,MagicFac,0.775
Mitch Marner,VGK,MagicFac,0.775
Zachary LHeureux,NSH,MagicFac,0.775
Quinton Byfield,LAK,MagicFac,0.775
Dylan Larkin,DET,MagicFac,0.775
Jagger Firkus,SEA,MagicFac,0.775
,,TOTAL POUR MagicFac,17.82
Jake Sanderson,OTT,Mando18,0.775
Robert Thomas,STL,Mando18,0.775
Luke Hughes,NJD,Mando18,0.775
Brock Nelson,COL,Mando18,0.775
Shane Wright,SEA,Mando18,0.775
Mason McTavish,ANA,Mando18,0.775
Jake Guentzel,TBL,Mando18,0.775
Zeev Buium,MIN,Mando18,0.775
Jackson Smith,CBJ,Mando18,0.775
Nathan MacKinnon,COL,Mando18,0.775
Pierre-Luc Dubois,WSH,Mando18,0.775
Jack Hughes,NJD,Mando18,0.775
Mike Matheson,MTL,Mando18,0.775
Pavel Buchnevich,STL,Mando18,0.775
Artyom Levshunov,CHI,Mando18,0.775
Alexander Romanov,NYI,Mando18,0.775
Seth Jones,FLA,Mando18,0.775
Victor Eklund,NYI,Mando18,0.775
Leo Carlsson,ANA,Mando18,0.775
Mack Celebrini,SJS,Mando18,0.775
Ryker Lee,NSH,Mando18,0.775
,,TOTAL POUR Mando18,16.28
Dylan Guenther,UTA,Olilapat,0.775
Sascha Boumedienne,WPG,Olilapat,0.775
Will Cuylle,NYR,Olilapat,0.775
Cole Hutson,WSH,Olilapat,0.775
Shane Pinto,OTT,Olilapat,0.775
L.J. Mooney,MTL,Olilapat,0.775
Matvei Michkov,PHI,Olilapat,0.775
Berkly Catton,SEA,Olilapat,0.775
Jack Nesbitt,PHI,Olilapat,0.775
Bowen Byram,BUF,Olilapat,0.775
Cameron Schmidt,DAL,Olilapat,0.775
Simon Edvinsson,DET,Olilapat,0.775
Olen Zellweger,ANA,Olilapat,0.775
Jiri Kulich,BUF,Olilapat,0.775
Denton Mateychuk,CBJ,Olilapat,0.775
Connor Bedard,CHI,Olilapat,0.775
Juraj Slafkovsky,MTL,Olilapat,0.775
Alexis Lafreniere,NYR,Olilapat,0.775
Simon Nemec,NJD,Olilapat,0.775
Dmitry Voronkov,CBJ,Olilapat,0.775
Alex Laferriere,LAK,Olilapat,0.775
Dylan Holloway,STL,Olilapat,0.775
,,TOTAL POUR Olilapat,17.05
Matty Beniers,SEA,Pleka,0.775
Charlie McAvoy,BOS,Pleka,0.775
Logan Mailloux,STL,Pleka,0.775
Leon Draisaitl,EDM,Pleka,0.775
Roope Hintz,DAL,Pleka,0.775
Brock Boeser,VAN,Pleka,0.775
Dawson Mercer,NJD,Pleka,0.775
Connor McDavid,EDM,Pleka,0.775
Artemi Panarin,NYR,Pleka,0.775
Yegor Surin,NSH,Pleka,0.775
Vince Dunn,SEA,Pleka,0.775
Victor Hedman,TBL,Pleka,0.775
Kent Johnson,CBJ,Pleka,0.775
Josh Morrissey,WPG,Pleka,0.775
Sam Reinhart,FLA,Pleka,0.775
Sidney Crosby,PIT,Pleka,0.775
Drake Batherson,OTT,Pleka,0.775
Shea Theodore,VGK,Pleka,0.775
,,TOTAL POUR Pleka,13.95
Cooper Simpson,BOS,Pouding_,0.775
Justin Carbonneau,STL,Pouding_,0.775
Adam Fantilli,CBJ,Pouding_,0.775
Sam Rinzel,CHI,Pouding_,0.775
Logan Cooley,UTA,Pouding_,0.775
Moritz Seider,DET,Pouding_,0.775
Nikita Kucherov,TBL,Pouding_,0.775
Marco Kasper,DET,Pouding_,0.775
Trevor Connelly,VGK,Pouding_,0.775
Mathew Barzal,NYI,Pouding_,0.775
Brock Faber,MIN,Pouding_,0.775
Jesper Bratt,NJD,Pouding_,0.775
Mattias Ekholm,EDM,Pouding_,0.775
Zach Hyman,EDM,Pouding_,0.775
Devon Toews,COL,Pouding_,0.775
Anthony Cirelli,TBL,Pouding_,0.775
Jackson LaCombe,ANA,Pouding_,0.775
Nick Suzuki,MTL,Pouding_,0.775
Jani Nyman,SEA,Pouding_,0.775
Jaccob Slavin,CAR,Pouding_,0.775
Joel Eriksson Ek,MIN,Pouding_,0.775
Aleksander Barkov,FLA,Pouding_,0.775
,,TOTAL POUR Pouding_,17.05
Emil Andrae,PHI,SamBleau,0.775
John Carlson,WSH,SamBleau,0.775
Mikhail Gulyayev,COL,SamBleau,0.775
David Pastrnak,BOS,SamBleau,0.775
Bo Horvat,NYI,SamBleau,0.775
Vaclav Nestrasil,CHI,SamBleau,0.775
David Reinbacher,MTL,SamBleau,0.775
Alex Ovechkin,WSH,SamBleau,0.775
Bill Zonnon,PIT,SamBleau,0.775
Zack Bolduc,MTL,SamBleau,0.775
Matthew Schaefer,NYI,SamBleau,0.775
Rickard Rakell,PIT,SamBleau,0.775
John Tavares,TOR,SamBleau,0.775
Morgan Rielly,TOR,SamBleau,0.775
William Nylander,TOR,SamBleau,0.775
Kevin Fiala,LAK,SamBleau,0.775
Justin Brazeau,PIT,SamBleau,0.775
Timo Meier,NJD,SamBleau,0.775
Aatu Raty,VAN,SamBleau,0.775
Colton Parayko,STL,SamBleau,0.775
,,TOTAL POUR SamBleau,15.50
