"ID","Player","Team","Position","RkOv","Status","Roster Status","Age","Opponent","FPts","FP/G","Ros","+/-","GP","G","A","+/-","SOG","PPP","SHP","Hit","Blk"
"*02f9l*","Nathan MacKinnon","COL","F","1","Mando18","Active","30","","187","11.69","100%","0%","16","14","15","13","71","8","0","14","9"
"*05y3a*","Leo Carlsson","ANA","F","2","Mando18","Active","20","","148","9.87","95%","+2.7%","15","10","15","11","37","9","3","2","9"
"*04y4m*","Connor Bedard","CHI","F","3","Olilapat","Active","20","","146.5","9.16","100%","+0.1%","16","9","16","10","52","8","0","5","6"
"*05w9c*","Macklin Celebrini","SJS","F","4","Mando18","Active","19","","145.5","9.09","100%","0%","16","10","14","7","49","7","0","13","10"
"*05rjd*","Cutter Gauthier","ANA","F","5","DJCarrot","Active","21","","144","9.6","96%","+5.3%","15","11","9","12","69","4","0","13","6"
"*04alw*","Cale Makar","COL","D","7","DJCarrot","Active","27","","141","8.81","100%","0%","16","6","16","12","42","7","0","10","29"
"*03924*","Jack Eichel","VGK","F","6","Boeuf_","Active","29","FLA Mon 10:00PM","141","10.07","100%","0%","14","8","14","7","60","10","0","4","10"
"*03rh3*","Kirill Kaprizov","MIN","F","8","Doumi","Active","28","","129.5","7.62","100%","0%","17","10","12","-3","53","9","0","6","7"
"*05tqt*","Wyatt Johnston","DAL","F","9","DJCarrot","Active","22","","129","8.06","100%","+0.2%","16","10","10","-5","50","12","0","5","17"
"*03d12*","David Pastrnak","BOS","F","10","SamBleau","Reserve","29","","128.5","7.56","100%","0%","17","8","11","-3","60","8","0","29","4"
"*03mn9*","Mikko Rantanen","DAL","F","12","MagicFac","Active","29","","127.5","7.97","100%","0%","16","8","13","-5","45","12","0","15","11"
"*03167*","Bo Horvat","NYI","F","11","SamBleau","Active","30","@NJD Mon 7:00PM","127.5","8.5","93%","+1.5%","15","11","7","8","54","6","1","9","3"
"*04mv2*","Cole Caufield","MTL","F","14","MagicFac","Active","24","","126.5","8.43","100%","0%","15","12","6","9","39","6","0","17","5"
"*03jxy*","Auston Matthews","TOR","F","15","Bigdawn","Active","28","","126","7.88","99%","0%","16","9","5","9","65","2","0","12","31"
"*049k7*","Martin Necas","COL","F","17","DaddyX23","Active","26","","123","7.69","100%","0%","16","9","10","10","36","6","0","17","5"
"*00454*","Sidney Crosby","PIT","F","16","Pleka","Active","38","","123","7.24","100%","0%","17","11","9","0","39","7","0","14","8"
"*01c12*","John Tavares","TOR","F","18","SamBleau","Active","35","","122.5","7.66","100%","+0.1%","16","9","12","3","47","4","0","14","4"
"*02noj*","Tom Wilson","WSH","F","19","Boeuf_","Active","31","","122","8.13","92%","+0.4%","15","9","7","6","34","5","0","45","6"
"*03kra*","Kyle Connor","WPG","F","20","DaddyX23","Active","28","","120.5","8.03","100%","0%","15","9","9","8","58","3","2","6","2"
"*03duf*","Dylan Larkin","DET","F","21","MagicFac","Active","29","","120.5","7.53","99%","0%","16","9","10","6","51","5","0","6","7"
"*03e1n*","Adrian Kempe","LAK","F","22","Fred_Lan","Active","29","","119.5","7.47","100%","0%","16","6","11","1","50","5","1","34","9"
"*04qy5*","Kirill Marchenko","CBJ","F","23","DJCarrot","Active","25","@EDM Mon 8:30PM","119","8.5","99%","0%","14","8","8","10","51","4","1","13","11"
"*048xc*","Nick Suzuki","MTL","F","25","Pouding_","Active","26","","118.5","7.9","100%","0%","15","4","16","11","33","9","0","8","11"
"*02azb*","Mark Scheifele","WPG","F","24","Fred_Lan","Active","32","","118.5","7.9","100%","0%","15","9","12","6","37","5","1","3","5"
"*02yjl*","Leon Draisaitl","EDM","F","26","Pleka","Active","30","CBJ Mon 8:30PM","117.5","7.34","100%","0%","16","10","8","1","41","10","1","7","4"
"*05tur*","Matthew Knies","TOR","F","27","Bigdawn","Active","23","","117.5","7.34","99%","0%","16","5","15","4","33","2","0","40","8"
"*02unz*","Nick Schmaltz","UTA","F","28","Fred_Lan","Active","29","","116.5","7.28","93%","0%","16","9","10","2","50","6","0","3","8"
"*02un4*","Connor McDavid","EDM","F","29","Pleka","Active","28","CBJ Mon 8:30PM","115.5","7.22","100%","0%","16","5","17","-6","49","11","1","2","4"
"*04xec*","Matt Boldy","MIN","F","30","Doumi","Active","24","","115","6.76","100%","-0.1%","17","8","9","-2","55","8","0","11","10"
"*04bdb*","Jack Hughes","NJD","F","31","Mando18","Active","24","NYI Mon 7:00PM","114.5","7.63","100%","0%","15","10","8","0","55","5","0","2","9"
"*0045k*","Evgeni Malkin","PIT","F","32","MagicFac","Reserve","39","","114","6.71","89%","+1%","17","3","18","5","43","9","0","7","3"
"*02yjj*","William Nylander","TOR","F","33","SamBleau","Active","29","","113.5","8.73","99%","+0.1%","13","8","15","6","25","4","0","2","6"
"*03rik*","Troy Terry","ANA","F","35","Pouding_","Active","28","","111.5","7.43","85%","+6.5%","15","5","14","13","34","6","3","0","2"
"*04ln4*","Kiefer Sherwood","VAN","F","34","Bigdawn","Active","30","","111.5","6.56","71%","+0.3%","17","10","1","-3","33","2","1","71","10"
"*051z0*","Tim Stutzle","OTT","F","36","Boeuf_","Reserve","23","","111","6.94","100%","+0.1%","16","8","8","3","44","4","0","21","11"
"*05gvq*","Seth Jarvis","CAR","F","37","DaddyX23","Active","23","","109.5","7.3","99%","-0.1%","15","10","5","5","52","1","1","14","7"
"*02fzm*","Filip Forsberg","NSH","F","39","Doumi","Reserve","31","@NYR Mon 7:00PM","107.5","6.32","99%","0%","17","7","6","0","52","3","0","39","9"
"*02ybk*","Artturi Lehkonen","COL","F","41","DaddyX23","Active","30","","105.5","6.59","82%","-1.2%","16","6","9","13","43","1","0","9","16"
"*05gtp*","Dawson Mercer","NJD","F","43","Pleka","Active","24","NYI Mon 7:00PM","104.5","6.97","79%","+3.9%","15","8","7","7","27","4","2","11","17"
"*02dq3*","Jacob Trouba","ANA","D","45","Bigdawn","Reserve","31","","103.5","6.9","68%","+10.2%","15","4","6","16","26","0","0","41","32"
"*004jl*","Brad Marchand","FLA","F","46","MagicFac","Active","37","@VGK Mon 10:00PM","102","7.29","96%","+0.5%","14","10","6","-3","44","4","0","15","3"
"*03rmx*","Sebastian Aho","CAR","F","47","Fred_Lan","Active","28","","101.5","6.77","99%","-0.1%","15","6","10","4","37","4","0","19","7"
"*04dwj*","Jason Robertson","DAL","F","49","Bigdawn","Reserve","26","","101","6.31","100%","-0.1%","16","3","11","-1","63","9","0","9","9"
"*0644b*","Will Smith","SJS","F","51","DJCarrot","Active","20","","97.5","6.09","86%","+4.9%","16","6","10","10","34","3","0","6","6"
"*042yb*","Brandon Hagel","TBL","F","53","DJCarrot","Reserve","27","","97","6.47","98%","+0.8%","15","7","7","5","44","3","0","11","8"
"*051lz*","Shane Pinto","OTT","F","55","Olilapat","Active","24","","97","6.06","82%","0%","16","8","6","3","43","0","1","16","10"
"*031og*","Tyler Bertuzzi","CHI","F","52","MagicFac","Reserve","30","","97","6.47","54%","+22.2%","15","9","5","2","32","7","0","17","0"
"*05kua*","Emil Heineman","NYI","F","54","Fred_Lan","Reserve","23","@NJD Mon 7:00PM","97","6.47","51%","+2.2%","15","6","4","6","34","1","0","56","5"
"*03jvu*","Mitch Marner","VGK","F","57","MagicFac","Active","28","FLA Mon 10:00PM","95.5","6.82","99%","-0.1%","14","4","14","9","25","3","0","7","8"
"*04mtp*","Dylan Cozens","OTT","F","56","Bigdawn","Active","24","","95.5","5.97","88%","-1.5%","16","6","6","-9","34","7","0","50","8"
"*042t5*","Tage Thompson","BUF","F","58","Doumi","Active","28","","95","6.33","100%","-0.1%","15","6","6","-6","61","4","0","23","10"
"*050rc*","Dmitry Voronkov","CBJ","F","60","Olilapat","Active","25","@EDM Mon 8:30PM","94.5","6.75","74%","-1.1%","14","6","7","10","33","1","0","30","1"
"*03v70*","Alex DeBrincat","DET","F","61","Boeuf_","Reserve","27","","94","5.88","97%","+0.1%","16","4","11","-2","62","6","0","2","4"
"*04f2d*","Drake Batherson","OTT","F","63","Pleka","Reserve","27","","93.5","7.19","96%","+0.5%","13","5","11","3","25","5","0","21","4"
"*03mn8*","Clayton Keller","UTA","F","65","Doumi","Active","27","","93","5.81","100%","-0.1%","16","6","9","2","46","5","0","2","5"
"*038vb*","Travis Konecny","PHI","F","66","Boeuf_","Reserve","28","","93","6.2","94%","+1.3%","15","5","8","4","37","2","0","26","11"
"*04o0h*","Dylan Guenther","UTA","F","68","Olilapat","Active","22","","92.5","5.78","99%","-0.1%","16","6","7","1","52","3","0","15","5"
"*03ra7*","Zach Werenski","CBJ","D","69","MagicFac","Active","28","@EDM Mon 8:30PM","92","6.57","100%","+0.1%","14","4","6","9","51","3","0","8","22"
"*031p0*","Jake Guentzel","TBL","F","71","Mando18","Active","31","","91","6.07","99%","-0.1%","15","6","9","0","41","4","0","5","10"
"*03ra8*","Timo Meier","NJD","F","72","SamBleau","Active","29","NYI Mon 7:00PM","90.5","6.03","91%","-0.3%","15","4","7","2","47","4","0","27","9"
"*05r1c*","Juraj Slafkovsky","MTL","F","74","Olilapat","Reserve","21","","90.5","6.03","90%","+0.4%","15","6","3","5","34","6","0","27","14"
"*03l0t*","Pavel Zacha","BOS","F","75","Bigdawn","Reserve","28","","90.5","5.32","66%","+3.4%","17","4","10","4","25","7","0","19","8"
"*03dms*","Kevin Fiala","LAK","F","80","SamBleau","Active","29","","88.5","5.53","95%","-0.7%","16","7","5","-5","54","6","0","9","6"
"*04y8g*","Trevor Zegras","PHI","F","82","Bigdawn","Reserve","24","","88.5","5.9","88%","+3.8%","15","4","12","0","29","8","0","7","5"
"*02yjp*","Ivan Barbashev","VGK","F","79","Boeuf_","Active","29","FLA Mon 10:00PM","88.5","6.32","72%","+4.4%","14","6","9","6","24","0","0","24","3"
"*05ui2*","Logan Cooley","UTA","F","83","Pouding_","Active","21","","88","5.5","99%","-0.3%","16","8","5","1","29","4","0","16","7"
"*02ybn*","Josh Morrissey","WPG","D","85","Pleka","Active","30","","87.5","5.83","100%","0%","15","2","11","8","29","2","0","10","28"
"*04zo0*","Pavel Dorofeyev","VGK","F","84","Pouding_","Active","25","FLA Mon 10:00PM","87.5","6.25","97%","-0.5%","14","10","1","-1","40","7","0","5","5"
"*05lu8*","Alexander Nikishin","CAR","D","88","Doumi","Active","24","","87","5.8","94%","+0.5%","15","2","6","14","26","0","0","43","21"
"*03rae*","Joel Eriksson Ek","MIN","F","87","Pouding_","Reserve","28","","87","5.12","88%","-0.9%","17","2","9","-5","51","5","0","32","12"
"*03d09*","Alex Tuch","BUF","F","91","Fred_Lan","Reserve","29","","86.5","5.77","96%","+0.1%","15","6","8","1","35","0","1","7","18"
"*03mqg*","Jakob Chychrun","WSH","D","90","MagicFac","Active","27","","86.5","5.77","96%","0%","15","3","7","9","48","2","0","16","13"
"*042ye*","Jesper Bratt","NJD","F","92","Pouding_","Active","27","NYI Mon 7:00PM","86","5.73","100%","-0.1%","15","5","9","0","30","4","1","19","4"
"*04an5*","Miro Heiskanen","DAL","D","94","DJCarrot","Active","26","","86","5.38","98%","+1.5%","16","3","11","-5","36","6","0","4","28"
"*03as9*","Dylan Strome","WSH","F","98","MagicFac","Active","28","","85.5","6.58","97%","-0.2%","13","4","10","10","30","4","0","4","5"
"*06gk0*","Matthew Schaefer","NYI","D","101","SamBleau","Active","18","@NJD Mon 7:00PM","84.5","5.63","96%","+0.3%","15","5","6","1","45","5","0","6","15"
"*048x9*","Elias Pettersson","VAN","F","100","Doumi","Active","26","","84.5","4.97","94%","-0.5%","17","3","8","-2","28","4","0","18","37"
"*02b70*","Nikita Kucherov","TBL","F","102","DJCarrot","Active","32","","83.5","6.42","100%","0%","13","7","7","-2","39","5","0","2","3"
"*03m26*","Conor Garland","VAN","F","104","DaddyX23","Active","29","","82","5.86","64%","-1.3%","14","4","8","5","39","4","0","8","7"
"*059e0*","Jake Sanderson","OTT","D","106","Mando18","Reserve","23","","81","5.06","100%","0%","16","3","8","-2","37","6","0","6","27"
"*05m17*","Frank Nazar","CHI","F","105","Bigdawn","Inj Res","21","","81","5.4","87%","-1.7%","15","5","6","3","31","3","1","11","16"
"*03w5m*","Gabriel Vilardi","WPG","F","112","Fred_Lan","Active","26","","80","5.33","90%","+0.7%","15","5","8","1","37","4","0","5","6"
"*03rad*","Thomas Chabot","OTT","D","111","Bigdawn","Active","28","","80","5","88%","+0.6%","16","2","8","6","19","4","1","11","35"
"*02noq*","Mike Matheson","MTL","D","115","Mando18","Active","31","","79.5","5.3","85%","+0.5%","15","3","6","11","18","0","0","15","38"
"*05kbn*","Will Cuylle","NYR","F","114","Olilapat","Active","23","NSH Mon 7:00PM","79.5","4.97","66%","+2.5%","16","3","4","-5","40","2","0","53","16"
"*048w3*","Justin Brazeau","PIT","F","113","SamBleau","Inj Res","27","","79.5","6.62","55%","-3.6%","12","6","6","3","22","2","0","17","12"
"*03161*","Darnell Nurse","EDM","D","119","MagicFac","Active","30","CBJ Mon 8:30PM","79","4.94","79%","+0.7%","16","3","4","-4","35","0","1","29","45"
"*015pv*","John Carlson","WSH","D","121","Boeuf_","Active","35","","78.5","5.23","95%","-0.3%","15","4","7","0","34","4","0","7","22"
"*03yg3*","Mikhail Sergachev","UTA","D","123","DaddyX23","Active","27","","78","4.88","99%","+0.2%","16","3","9","-2","28","5","0","5","28"
"*042w4*","Adam Fox","NYR","D","124","DJCarrot","Active","27","NSH Mon 7:00PM","77.5","4.84","100%","0%","16","3","8","-1","36","2","1","9","25"
"*02422*","Ryan Nugent-Hopkins","EDM","F","126","Boeuf_","Active","32","CBJ Mon 8:30PM","77.5","4.84","94%","-0.1%","16","5","11","-11","23","9","0","7","4"
"*02np6*","Jake McCabe","TOR","D","129","MagicFac","Active","32","","77","4.81","36%","+6.5%","16","2","7","10","13","0","0","21","38"
"*04ymt*","Lucas Raymond","DET","F","134","DJCarrot","Active","23","","76","5.43","98%","-0.1%","14","4","9","3","28","4","0","6","6"
"*04lo0*","Quinton Byfield","LAK","F","131","MagicFac","Minors","23","","76","4.75","91%","-1.2%","16","2","10","-1","36","5","1","15","5"
"*04yqp*","Anton Lundell","FLA","F","133","Boeuf_","Active","24","@VGK Mon 10:00PM","76","5.07","69%","-0.6%","15","4","7","-1","28","4","2","12","14"
"*03rfl*","Anthony Cirelli","TBL","F","132","Boeuf_","Inj Res","28","","76","5.43","64%","+1.1%","14","7","4","6","21","2","0","8","11"
"*03wpm*","Charlie McAvoy","BOS","D","137","Pleka","Active","27","","75.5","4.72","94%","+0.4%","16","0","12","-2","21","4","0","24","26"
"*02uws*","Mathew Barzal","NYI","F","135","Pouding_","Active","28","@NJD Mon 7:00PM","75.5","5.39","87%","0%","14","3","9","7","29","3","0","4","11"
"*01c13*","Victor Hedman","TBL","D","138","Pleka","Active","34","","75","5","99%","0%","15","0","12","1","23","6","0","7","28"
"*02aez*","J.T. Miller","NYR","F","141","Doumi","Reserve","32","NSH Mon 7:00PM","75","4.69","98%","-0.5%","16","3","5","-3","44","2","0","40","6"
"*016g3*","Erik Karlsson","PIT","D","139","Doumi","Active","35","","75","4.41","89%","+1.3%","17","1","11","6","35","3","0","0","18"
"*051tx*","Aliaksei Protas","WSH","F","142","Doumi","Active","24","","75","5","87%","-2.8%","15","5","5","6","36","1","0","8","11"
"*0457f*","Nico Hischier","NJD","F","145","Bigdawn","Active","26","NYI Mon 7:00PM","74.5","4.97","98%","-0.6%","15","3","8","4","27","3","0","8","19"
"*004cq*","Alex Ovechkin","WSH","F","148","SamBleau","Reserve","40","","74.5","4.97","94%","-0.8%","15","3","7","3","35","2","0","29","1"
"*05wwg*","Lane Hutson","MTL","D","153","Bigdawn","Active","21","","74","4.93","100%","0%","15","1","12","3","19","3","0","9","23"
"*02un5*","Sam Reinhart","FLA","F","154","Pleka","Active","30","@VGK Mon 10:00PM","74","4.93","99%","-0.2%","15","7","1","-6","46","2","1","17","12"
"*04zb4*","Moritz Seider","DET","D","155","Pouding_","Active","24","","74","4.62","97%","+0.2%","16","1","5","1","37","5","0","33","21"
"*064r2*","Ivan Demidov","MTL","F","150","DJCarrot","Reserve","19","","74","4.93","96%","+0.1%","15","4","9","5","18","5","0","4","7"
"*04ld3*","Noah Dobson","MTL","D","151","DaddyX23","Active","25","","74","4.93","96%","+0.4%","15","1","10","7","26","1","0","5","30"
"*042vx*","Filip Hronek","VAN","D","152","Doumi","Active","28","","74","4.35","69%","+0.9%","17","0","9","2","21","3","0","36","24"
"*06cl1*","Emmitt Finnie","DET","F","160","Pleka","Minors","20","","72.5","4.53","55%","-5%","16","4","4","5","27","1","0","29","12"
"*01zvf*","Mark Stone","VGK","F","164","Fred_Lan","Inj Res","33","FLA Mon 10:00PM","72","12","92%","+0.1%","6","2","11","2","19","8","1","3","5"
"*01f3e*","Nazem Kadri","CGY","F","162","SamBleau","Reserve","35","","72","4.24","87%","+0.2%","17","4","7","-9","51","4","0","11","6"
"*05ltj*","Brock Faber","MIN","D","161","Pouding_","Active","23","","72","4.24","84%","+8.3%","17","3","6","-6","39","4","0","6","33"
"*05gd8*","Mason McTavish","ANA","F","168","Mando18","Minors","22","","71.5","4.77","80%","-1.1%","15","3","8","3","25","2","0","19","9"
"*04o0g*","Marco Rossi","MIN","F","169","Boeuf_","Reserve","24","","71.5","4.47","79%","+0.7%","16","4","9","-6","27","5","0","11","8"
"*06hcw*","Beckett Sennecke","ANA","F","170","Fred_Lan","Reserve","19","","71.5","4.77","54%","-0.4%","15","6","5","1","25","2","0","14","6"
"*05tv0*","Jackson Blake","CAR","F","166","Olilapat","Active","22","","71.5","4.77","49%","+0.1%","15","4","7","4","39","2","0","3","5"
"*03de2*","Brandon Montour","SEA","D","171","DaddyX23","Active","31","","71","6.45","95%","+0.3%","11","3","6","4","31","2","0","12","19"
"*02azf*","Dougie Hamilton","NJD","D","177","Fred_Lan","Reserve","32","NYI Mon 7:00PM","70","5","93%","-0.3%","14","4","3","1","35","4","0","15","18"
"*05r1l*","William Eklund","SJS","F","175","Doumi","Minors","23","","70","5.83","87%","-0.8%","12","5","6","-5","31","5","0","8","10"
"*05r50*","Mackie Samoskevich","FLA","F","182","Boeuf_","Active","22","@VGK Mon 10:00PM","69.5","4.63","53%","-0.2%","15","2","7","1","32","5","0","22","6"
"*03rf2*","Roope Hintz","DAL","F","184","Pleka","Reserve","28","","69","6.27","94%","-0.3%","11","3","8","-3","36","6","0","7","5"
"*051yz*","Dylan Holloway","STL","F","191","Olilapat","Reserve","24","","68","4.25","85%","-1.8%","16","3","4","-7","35","1","0","44","14"
"*04abd*","Artem Zub","OTT","D","193","Olilapat","Reserve","30","","68","4.25","43%","+1.8%","16","2","7","4","22","0","0","20","24"
"*05r3d*","Josh Doan","BUF","F","196","Fred_Lan","Minors","23","","67","4.47","51%","-0.2%","15","4","5","-2","41","3","0","15","3"
"*02wy5*","Nikita Zadorov","BOS","D","200","SamBleau","Reserve","30","","66","3.88","48%","-1.8%","17","1","3","2","15","0","0","62","23"
"*025me*","Brenden Dillon","NJD","D","199","DaddyX23","Active","34","NYI Mon 7:00PM","66","4.4","37%","-0.6%","15","2","4","2","12","0","1","39","30"
"*02noe*","Morgan Rielly","TOR","D","201","SamBleau","Active","31","","65.5","4.37","95%","-0.5%","15","2","11","-4","28","1","0","8","14"
"*04lc0*","Evan Bouchard","EDM","D","202","Boeuf_","Active","26","CBJ Mon 8:30PM","65","4.06","99%","0%","16","2","8","-11","45","4","0","6","21"
"*03as8*","Nikolaj Ehlers","CAR","F","205","Pouding_","Reserve","29","","65","4.33","85%","-1.7%","15","2","7","3","44","3","0","6","3"
"*05tcz*","Oliver Kapanen","MTL","F","206","MagicFac","Minors","22","","65","4.33","33%","0%","15","6","4","3","20","0","1","8","9"
"*051m4*","Jackson LaCombe","ANA","D","210","Pouding_","Active","24","","64","4.27","94%","+0.2%","15","0","6","3","31","4","0","15","28"
"*05rf2*","Logan Stankoven","CAR","F","211","Bigdawn","Minors","22","","64","4.27","65%","-0.6%","15","5","4","6","31","0","0","6","5"
"*04lbz*","Quinn Hughes","VAN","D","212","Doumi","Active","26","","63.5","4.88","100%","0%","13","1","9","-2","36","6","0","1","12"
"*03rf8*","Vince Dunn","SEA","D","219","Pleka","Reserve","29","","62","4.13","93%","-1%","15","2","7","-4","41","4","0","3","14"
"*03bfj*","Artemi Panarin","NYR","F","224","Pleka","Active","34","NSH Mon 7:00PM","61.5","3.84","97%","-0.4%","16","3","7","-5","48","3","0","2","2"
"*04znw*","Brandt Clarke","LAK","D","222","MagicFac","Minors","22","","61.5","3.84","79%","-0.4%","16","2","5","4","33","0","0","8","24"
"*05ymj*","Jimmy Snuggerud","STL","F","226","Fred_Lan","Minors","21","","61.5","3.84","69%","-1%","16","4","4","-4","31","4","0","13","11"
"*03yh8*","Owen Tippett","PHI","F","228","DaddyX23","Reserve","26","","61.5","4.1","61%","-3.3%","15","5","1","-4","42","1","0","24","6"
"*06snb*","Benjamin Kindel","PIT","F","230","DJCarrot","Minors","18","","61","4.07","40%","+12.4%","15","5","2","-3","31","4","0","10","13"
"*05tas*","Olen Zellweger","ANA","D","233","Olilapat","Minors","22","","60.5","4.03","52%","+2.4%","15","1","4","11","32","2","0","8","19"
"*04yu5*","Thomas Harley","DAL","D","240","Boeuf_","Active","24","","59.5","3.72","99%","-0.2%","16","1","8","-7","18","3","0","7","41"
"*05nzz*","Simon Edvinsson","DET","D","239","Olilapat","Active","22","","59.5","3.72","60%","-0.6%","16","3","3","-3","21","0","0","18","38"
"*04ad7*","Rasmus Dahlin","BUF","D","244","Doumi","Reserve","25","","59","4.21","99%","-0.1%","14","1","8","-11","38","5","0","12","17"
"*04zj5*","JJ Peterka","UTA","F","248","Bigdawn","Active","23","","58.5","3.66","86%","-1.8%","16","4","6","2","30","0","0","3","4"
"*0644f*","Ryan Leonard","WSH","F","247","DaddyX23","Minors","20","","58.5","3.9","56%","-1%","15","3","4","3","23","1","0","25","6"
"*05r1i*","Matty Beniers","SEA","F","245","Pleka","Minors","23","","58.5","3.9","54%","-0.3%","15","2","7","2","24","3","0","7","11"
"*042vl*","Jordan Kyrou","STL","F","253","MagicFac","Reserve","27","","58","3.87","88%","-2.6%","15","5","4","-7","36","3","0","2","9"
"*04y80*","Shane Wright","SEA","F","255","Mando18","Minors","21","","58","3.87","52%","-1.3%","15","4","4","2","22","2","0","13","7"
"*05gd9*","Zack Bolduc","MTL","F","256","SamBleau","Active","22","","57.5","3.83","57%","-4.6%","15","4","2","1","23","3","0","25","4"
"*06axy*","Artyom Levshunov","CHI","D","260","Mando18","Minors","20","","57","3.8","58%","+4.8%","15","0","9","3","12","5","0","16","11"
"*05kdw*","Ridly Greig","OTT","F","274","Boeuf_","Minors","23","","56","3.5","25%","-1.1%","16","2","5","-2","24","3","0","22","11"
"*02b3o*","Rickard Rakell","PIT","F","282","SamBleau","Inj Res","32","","55","6.11","81%","-1.9%","9","3","5","1","17","3","1","9","10"
"*05k8c*","Tyson Foerster","PHI","F","285","MagicFac","Minors","23","","54.5","4.95","39%","-1.3%","11","4","3","5","19","2","0","9","7"
"*04qve*","KAndre Miller","CAR","D","288","Fred_Lan","Active","25","","54","6","65%","+3.8%","9","2","6","2","22","3","0","6","11"
"*05y7m*","Denton Mateychuk","CBJ","D","287","Olilapat","Active","21","@EDM Mon 8:30PM","54","4.15","46%","+0.8%","13","3","3","5","16","0","0","11","23"
"*05gvo*","Matvei Michkov","PHI","F","293","Olilapat","Reserve","20","","53.5","3.57","89%","-1.1%","15","3","5","0","28","1","0","11","5"
"*031v6*","MacKenzie Weegar","CGY","D","303","SamBleau","Active","31","","52.5","3.09","93%","-1.6%","17","0","4","-16","29","2","0","44","34"
"*0579x*","Adam Fantilli","CBJ","F","299","Pouding_","Minors","21","@EDM Mon 8:30PM","52.5","3.75","86%","-3.5%","14","2","6","-5","33","0","0","18","8"
"*031p3*","Carter Verhaeghe","FLA","F","302","DaddyX23","Active","30","@VGK Mon 10:00PM","52.5","3.5","82%","-2.3%","15","2","5","-4","38","2","0","14","5"
"*04ymm*","Aatu Raty","VAN","F","306","SamBleau","Minors","22","","52","3.47","20%","+0.5%","15","1","5","3","12","0","0","40","6"
"*01zql*","Brock Nelson","COL","F","310","Mando18","Active","34","","51.5","3.22","51%","-3.8%","16","3","2","6","24","1","0","9","13"
"*024lv*","Mattias Ekholm","EDM","D","322","Pouding_","Active","35","CBJ Mon 8:30PM","50.5","3.16","62%","-0.6%","16","1","5","-9","31","1","0","10","35"
"*04ymn*","Luke Hughes","NJD","D","330","Mando18","Active","22","NYI Mon 7:00PM","50","3.33","96%","-0.9%","15","0","7","5","25","1","0","7","13"
"*02nqb*","Colton Parayko","STL","D","331","SamBleau","Active","32","","50","3.12","72%","-3.3%","16","0","6","-3","21","0","0","15","34"
"*03e1m*","Brayden Point","TBL","F","342","Doumi","Reserve","29","","49","3.27","98%","-0.5%","15","3","6","-9","31","3","0","3","7"
"*04apb*","Robert Thomas","STL","F","344","Mando18","Reserve","26","","49","4.08","94%","-0.5%","12","2","7","-1","16","4","0","3","7"
"*06bmb*","Zeev Buium","MIN","D","341","Mando18","Minors","19","","49","2.88","91%","-2.2%","17","3","6","-10","22","6","0","4","8"
"*05xrx*","Marco Kasper","DET","F","346","Pouding_","Minors","21","","48.5","3.03","56%","-2.6%","16","3","0","-6","26","1","0","40","10"
"*0243f*","Seth Jones","FLA","D","350","Mando18","Active","31","@VGK Mon 10:00PM","48","3.2","86%","-1.9%","15","0","6","-1","21","3","0","17","15"
"*059e5*","Jake Neighbours","STL","F","358","Fred_Lan","Inj Res","23","","47.5","5.94","61%","-2.9%","8","6","1","-4","12","0","0","20","5"
"*03ecl*","Gustav Forsling","FLA","D","360","Boeuf_","Active","29","@VGK Mon 10:00PM","46.5","3.1","60%","-3.2%","15","0","6","2","21","0","0","16","16"
"*05ril*","Simon Nemec","NJD","D","364","Olilapat","Active","21","NYI Mon 7:00PM","46.5","3.1","47%","-2%","15","0","8","0","16","0","0","3","26"
"*02npz*","Esa Lindell","DAL","D","362","Bigdawn","Active","31","","46.5","2.91","23%","-1.7%","16","1","3","5","15","0","0","11","29"
"*062k9*","Noah Laba","NYR","F","361","Olilapat","Minors","22","NSH Mon 7:00PM","46.5","2.91","10%","+0.8%","16","3","2","3","16","1","0","13","13"
"*05ylt*","Zach Benson","BUF","F","367","Doumi","Minors","20","","46","5.75","58%","-3.4%","8","0","8","3","16","3","1","4","6"
"*031nx*","Shea Theodore","VGK","D","372","Pleka","Active","30","FLA Mon 10:00PM","45.5","3.25","96%","-0.7%","14","0","5","1","26","2","0","0","27"
"*03dde*","Jake Walman","EDM","D","378","Fred_Lan","Active","29","CBJ Mon 8:30PM","45","4.5","88%","-0.1%","10","1","6","1","12","1","0","5","22"
"*05yms*","Sam Rinzel","CHI","D","382","Pouding_","Reserve","21","","44.5","2.78","70%","-5.4%","16","1","2","2","25","0","0","17","21"
"*02wy7*","Pavel Buchnevich","STL","F","390","Mando18","Reserve","30","","43.5","2.72","61%","-3.9%","16","2","5","-9","28","4","0","10","5"
"*02g00*","Aaron Ekblad","FLA","D","404","Fred_Lan","Active","29","@VGK Mon 10:00PM","41.5","2.77","85%","-4.4%","15","1","3","-3","24","1","0","13","21"
"*02nq3*","Shayne Gostisbehere","CAR","D","416","DJCarrot","Active","32","","40.5","6.75","94%","-1.3%","6","1","6","8","6","1","0","2","8"
"*04xjf*","Owen Power","BUF","D","419","DJCarrot","Reserve","22","","40.5","2.89","60%","-1.4%","14","2","4","-5","20","0","2","8","13"
"*01zu8*","John Klingberg","SJS","D","417","Fred_Lan","Active","33","","40.5","4.05","45%","+1.2%","10","2","3","-1","13","3","0","10","13"
"*060hp*","Lian Bichsel","DAL","D","423","MagicFac","Minors","21","","40","2.5","39%","-1.6%","16","0","1","0","7","0","0","47","20"
"*05ran*","Matt Coronato","CGY","F","428","Boeuf_","Minors","22","","39.5","2.47","48%","-2.5%","16","3","3","-13","42","2","0","2","7"
"*04zp9*","Mavrik Bourque","DAL","F","436","DaddyX23","Minors","23","","39","2.44","32%","-1%","16","2","3","-6","28","2","0","8","10"
"*04ldb*","Bowen Byram","BUF","D","452","Olilapat","Active","24","","37.5","2.5","53%","-0.7%","15","1","4","-6","16","2","0","11","20"
"*060jl*","Jiri Kulich","BUF","F","453","Olilapat","Minors","21","","37.5","3.12","36%","-1.1%","12","3","2","-4","20","0","0","9","12"
"*01fx3*","Roman Josi","NSH","D","474","Doumi","Inj Res","35","@NYR Mon 7:00PM","35","4.38","95%","-0.8%","8","1","4","-4","19","2","0","4","15"
"*04yn0*","Connor McMichael","WSH","F","486","DaddyX23","Reserve","24","","33.5","2.23","52%","-3.2%","15","1","3","-2","29","1","0","5","6"
"*060jj*","Jani Nyman","SEA","F","494","Pouding_","Minors","21","","32.5","2.71","25%","-0.6%","12","3","0","2","13","1","0","13","2"
"*06bap*","Easton Cowan","TOR","F","510","DJCarrot","Minors","20","","31","2.82","39%","-0.7%","11","1","3","1","15","0","0","13","4"
"*03as6*","Jared McCann","SEA","F","522","Fred_Lan","Active","29","","30.5","6.1","76%","-0.6%","5","3","1","0","14","0","0","7","4"
"*03wpo*","Dante Fabbro","CBJ","D","519","Bigdawn","Active","27","@EDM Mon 8:30PM","30.5","2.18","12%","-0.8%","14","1","2","-3","14","0","0","4","27"
"*067xz*","Axel Sandin Pellikka","DET","D","537","Doumi","Minors","20","","29.5","1.84","44%","-0.7%","16","1","3","-9","20","2","0","5","18"
"*05gda*","Kent Johnson","CBJ","F","558","Pleka","Minors","23","@EDM Mon 8:30PM","26.5","1.89","65%","-4.9%","14","2","2","-8","29","0","0","1","7"
"*05yli*","Pavel Mintyukov","ANA","D","566","Bigdawn","Minors","21","","25.5","1.7","35%","-0.7%","15","0","3","1","7","0","0","10","14"
"*05ui4*","Dalibor Dvorsky","STL","F","578","DJCarrot","Minors","20","","24","4","33%","+0.7%","6","2","0","-1","8","2","0","11","5"
"*04mx6*","Kaiden Guhle","MTL","D","585","DaddyX23","Inj Res","23","","23","4.6","42%","-0.5%","5","1","1","1","7","0","0","16","5"
"*04qxy*","Alexander Romanov","NYI","D","587","Mando18","Active","25","@NJD Mon 7:00PM","23","2.3","34%","-2.5%","10","0","0","-5","10","0","0","24","22"
"*04kyh*","Brady Tkachuk","OTT","F","597","DJCarrot","Inj Res","26","","21.5","7.17","96%","-0.2%","3","0","3","1","10","1","0","10","0"
"*061im*","Michael Misa","SJS","F","604","Fred_Lan","Minors","18","","20","2.86","57%","-0.9%","7","1","2","-1","13","0","0","2","5"
"*065nx*","Berkly Catton","SEA","F","608","Olilapat","Minors","19","","19.5","1.95","39%","-0.2%","10","0","3","1","10","1","0","1","5"
"*06amv*","Sam Dickinson","SJS","D","619","Bigdawn","Minors","19","","18","1.5","43%","-0.5%","12","1","0","-1","14","0","0","7","7"
"*06hco*","Zayne Parekh","CGY","D","650","DJCarrot","Minors","19","","15","1.36","67%","-4.1%","11","0","1","0","11","1","0","5","5"
"*06lvc*","Harrison Brunicke","PIT","D","662","Pouding_","Minors","19","","13.5","1.5","16%","-0.8%","9","1","0","-4","8","0","0","4","13"
"*06axz*","Bradly Nadeau","CAR","F","688","Olilapat","Minors","20","","12","2","29%","-0.3%","6","1","0","1","4","0","0","4","4"
"*03wpi*","Pierre-Luc Dubois","WSH","F","714","Mando18","Inj Res","27","","9","1.5","53%","-5.9%","6","0","0","0","9","0","0","6","3"
"*06rus*","Brady Martin","NSH","F","747","Bigdawn","Minors","18","@NYR Mon 7:00PM","5","1.67","34%","-0.3%","3","0","1","0","2","0","0","0","2"
"*05w9b*","Calum Ritchie","NYI","F","754","Doumi","Minors","20","@NJD Mon 7:00PM","4.5","0.9","30%","-0.5%","5","0","0","0","3","0","0","1","5"
"*05k9a*","Emil Andrae","PHI","D","752","SamBleau","Minors","23","","4.5","0.9","11%","-0.3%","5","0","0","0","4","0","0","5","0"
"*02b76*","Vincent Trocheck","NYR","F","771","Boeuf_","Inj Res","32","NSH Mon 7:00PM","3.5","1.75","86%","-0.7%","2","0","1","-2","1","0","0","1","3"
"*04uql*","Cole Perfetti","WPG","F","799","DJCarrot","Minors","23","","1","1","68%","-0.4%","1","0","0","0","1","0","0","0","1"
"*03uzr*","Matthew Tkachuk","FLA","F","7688","DJCarrot","Inj Res","27","@VGK Mon 10:00PM","0","0","92%","-0.1%","0","0","0","0","0","0","0","0","0"
"*01ztp*","Zach Hyman","EDM","F","3710","Pouding_","Inj Res","33","CBJ Mon 8:30PM","0","0","92%","+0.2%","0","0","0","0","0","0","0","0","0"
"*02un7*","Aleksander Barkov","FLA","F","1112","Pouding_","Inj Res","30","@VGK Mon 10:00PM","0","0","61%","-0.4%","0","0","0","0","0","0","0","0","0"
"*06ag2*","James Hagens","BOS","F","3282","Boeuf_","Minors","19","","0","0","39%","0%","0","0","0","0","0","0","0","0","0"
"*06jhd*","Anton Frondell","CHI","F","2876","DJCarrot","Minors","18","","0","0","39%","0%","0","0","0","0","0","0","0","0","0"
"*06axe*","Gabe Perreault","NYR","F","6087","Bigdawn","Minors","20","NSH Mon 7:00PM","0","0","38%","-1.1%","0","0","0","0","0","0","0","0","0"
"*06fzv*","Cole Hutson","WSH","D","3701","Olilapat","Minors","19","","0","0","38%","+0.1%","0","0","0","0","0","0","0","0","0"
"*06hj9*","Porter Martone","PHI","F","5082","DJCarrot","Minors","19","","0","0","38%","-0.2%","0","0","0","0","0","0","0","0","0"
"*06jhc*","Tij Iginla","UTA","F","3720","DaddyX23","Minors","19","","0","0","37%","-0.1%","0","0","0","0","0","0","0","0","0"
"*06hcq*","Carter Yakemchuk","OTT","D","8279","Fred_Lan","Minors","20","","0","0","37%","-0.2%","0","0","0","0","0","0","0","0","0"
"*05tqu*","Logan Mailloux","STL","D","4969","Pleka","Minors","22","","0","0","36%","-1.5%","9","0","0","-12","5","0","0","13","6"
"*06loq*","Caleb Desnoyers","UTA","F","2301","DaddyX23","Minors","18","","0","0","36%","0%","0","0","0","0","0","0","0","0","0"
"*06ig3*","Cayden Lindstrom","CBJ","F","4746","Fred_Lan","Minors","19","@EDM Mon 8:30PM","0","0","34%","-0.1%","0","0","0","0","0","0","0","0","0"
"*05rjy*","Cole Eiserman","NYI","F","2509","Fred_Lan","Minors","19","@NJD Mon 7:00PM","0","0","32%","+0.1%","0","0","0","0","0","0","0","0","0"
"*06imm*","Roger McQueen","ANA","F","5278","DaddyX23","Minors","19","","0","0","31%","-0.1%","0","0","0","0","0","0","0","0","0"
"*06nkc*","Jake OBrien","SEA","F","5792","Pouding_","Minors","18","","0","0","30%","+0.1%","0","0","0","0","0","0","0","0","0"
"*06pyw*","Victor Eklund","NYI","F","2516","Mando18","Minors","19","@NJD Mon 7:00PM","0","0","29%","-0.1%","0","0","0","0","0","0","0","0","0"
"*067yd*","David Reinbacher","MTL","D","6525","SamBleau","Minors","21","","0","0","29%","-0.2%","0","0","0","0","0","0","0","0","0"
"*06pyp*","Radim Mrtka","BUF","D","5533","DaddyX23","Minors","18","","0","0","28%","0%","0","0","0","0","0","0","0","0","0"
"*064om*","Michael Hage","MTL","F","3278","DaddyX23","Minors","19","","0","0","28%","+0.2%","0","0","0","0","0","0","0","0","0"
"*05aa0*","Brayden Yager","WPG","F","8278","Fred_Lan","Minors","20","","0","0","27%","-0.1%","0","0","0","0","0","0","0","0","0"
"*06rqm*","Carter Bear","DET","F","1163","DaddyX23","Minors","19","","0","0","26%","0%","0","0","0","0","0","0","0","0","0"
"*06hcy*","Liam Greentree","LAK","F","3179","Pouding_","Minors","19","","0","0","26%","0%","0","0","0","0","0","0","0","0","0"
"*06pyk*","Justin Carbonneau","STL","F","1778","Pouding_","Minors","18","","0","0","26%","+0.2%","0","0","0","0","0","0","0","0","0"
"*06sqf*","Braeden Cootes","VAN","F","2039","DaddyX23","Minors","18","","0","0","25%","0%","3","0","0","-2","0","0","0","3","1"
"*066q4*","Konsta Helenius","BUF","F","3441","DJCarrot","Minors","19","","0","0","25%","+0.1%","0","0","0","0","0","0","0","0","0"
"*06h8h*","Trevor Connelly","VGK","F","2021","Pouding_","Minors","19","FLA Mon 10:00PM","0","0","24%","0%","0","0","0","0","0","0","0","0","0"
"*06hcp*","Anton Silayev","NJD","D","7115","Fred_Lan","Minors","19","NYI Mon 7:00PM","0","0","24%","-0.1%","0","0","0","0","0","0","0","0","0"
"*06nke*","Jackson Smith","CBJ","D","7224","Mando18","Minors","18","@EDM Mon 8:30PM","0","0","24%","0%","0","0","0","0","0","0","0","0","0"
"*06spu*","Alexander Zharovsky","MTL","F","8377","MagicFac","Minors","18","","0","0","24%","+0.3%","0","0","0","0","0","0","0","0","0"
"*06sn9*","Kashawn Aitcheson","NYI","D","850","Bigdawn","Minors","19","@NJD Mon 7:00PM","0","0","24%","+0.1%","0","0","0","0","0","0","0","0","0"
"*06maz*","Ilya Protas","WSH","F","6362","Pouding_","Minors","19","","0","0","23%","-0.1%","0","0","0","0","0","0","0","0","0"
"*06jhe*","Cole Reschny","CGY","F","6540","Fred_Lan","Minors","18","","0","0","22%","0%","0","0","0","0","0","0","0","0","0"
"*06snc*","Jack Nesbitt","PHI","F","5667","Olilapat","Minors","18","","0","0","19%","0%","0","0","0","0","0","0","0","0","0"
"*05yn1*","Jagger Firkus","SEA","F","2724","MagicFac","Minors","21","","0","0","19%","+0.1%","0","0","0","0","0","0","0","0","0"
"*06snd*","Lynden Lakovic","WSH","F","4492","Doumi","Minors","18","","0","0","18%","0%","0","0","0","0","0","0","0","0","0"
"*06rut*","Cameron Reid","NSH","D","6515","Fred_Lan","Minors","18","@NYR Mon 7:00PM","0","0","17%","0%","0","0","0","0","0","0","0","0","0"
"*06pyr*","Cullen Potter","CGY","F","6311","Boeuf_","Minors","18","","0","0","16%","0%","0","0","0","0","0","0","0","0","0"
"*06pyz*","Bill Zonnon","PIT","F","8399","Pleka","Minors","19","","0","0","15%","+0.1%","0","0","0","0","0","0","0","0","0"
"*064n0*","Malcolm Spence","NYR","F","7301","Boeuf_","Minors","19","NSH Mon 7:00PM","0","0","15%","+0.1%","0","0","0","0","0","0","0","0","0"
"*06loc*","Yegor Surin","NSH","F","7504","Pleka","Minors","19","@NYR Mon 7:00PM","0","0","15%","+0.1%","0","0","0","0","0","0","0","0","0"
"*06pyi*","Logan Hensler","OTT","D","3482","Doumi","Minors","19","","0","0","15%","0%","0","0","0","0","0","0","0","0","0"
"*06lop*","Ivan Ryabkin","CAR","F","6740","MagicFac","Minors","18","","0","0","15%","-0.1%","0","0","0","0","0","0","0","0","0"
"*06axx*","William Horcoff","PIT","F","3612","Bigdawn","Minors","18","","0","0","14%","+0.4%","0","0","0","0","0","0","0","0","0"
"*06lor*","Sascha Boumedienne","WPG","D","1476","Olilapat","Minors","18","","0","0","14%","-0.1%","0","0","0","0","0","0","0","0","0"
"*06sqm*","Ryker Lee","NSH","F","4636","Mando18","Minors","19","@NYR Mon 7:00PM","0","0","14%","+0.1%","0","0","0","0","0","0","0","0","0"
"*05yfk*","Mikhail Gulyayev","COL","D","3230","Pleka","Minors","20","","0","0","13%","0%","0","0","0","0","0","0","0","0","0"
"*06pys*","Cameron Schmidt","DAL","F","6916","Olilapat","Minors","18","","0","0","13%","+0.1%","0","0","0","0","0","0","0","0","0"
"*06sqp*","Vaclav Nestrasil","CHI","F","5671","SamBleau","Minors","18","","0","0","11%","+0.1%","0","0","0","0","0","0","0","0","0"
"*06sqq*","Henry Brzustewicz","LAK","D","1632","MagicFac","Minors","18","","0","0","11%","+0.1%","0","0","0","0","0","0","0","0","0"
"*06cfs*","Florian Xhekaj","MTL","F","8276","DaddyX23","Minors","21","","0","0","7%","-0.1%","0","0","0","0","0","0","0","0","0"
"*06sq9*","Cooper Simpson","BOS","F","7137","Pouding_","Minors","18","","0","0","5%","0%","0","0","0","0","0","0","0","0","0"
"*058t9*","Seamus Casey","NJD","D","8418","Doumi","Minors","21","NYI Mon 7:00PM","-0.5","-0.25","29%","-1%","2","0","0","-3","4","0","0","0","1"
