"ID","Player","Team","Position","RkOv","Status","Roster Status","Age","Opponent","FPts","FP/G","Ros","+/-"
"*03924*","Jack Eichel","VGK","F","1","Boeuf_","Active","28","@CAR Tue 6:30PM","101","11.22","100%","-0.1%"
"*02unz*","Nick Schmaltz","UTA","F","2","Fred_Lan","Reserve","29","@EDM Tue 9:30PM","100.5","10.05","92%","-2%"
"*02f9l*","Nathan MacKinnon","COL","F","3","Mando18","Active","30","NJD Tue 9:00PM","96","9.6","100%","0%"
"*03e1n*","Adrian Kempe","LAK","F","4","Fred_Lan","Active","29","@SJS Tue 11:00PM","91.5","9.15","100%","0%"
"*03d12*","David Pastrnak","BOS","F","6","SamBleau","Active","29","NYI Tue 7:15PM","83.5","7.59","100%","-0.1%"
"*03duf*","Dylan Larkin","DET","F","5","MagicFac","Active","29","@STL Tue 8:15PM","83.5","9.28","99%","0%"
"*05w9c*","Macklin Celebrini","SJS","F","7","Mando18","Active","19","LAK Tue 11:00PM","83","9.22","100%","+0.1%"
"*00454*","Sidney Crosby","PIT","F","8","Pleka","Active","38","@PHI Tue 6:00PM","83","8.3","100%","-0.1%"
"*02azb*","Mark Scheifele","WPG","F","9","Fred_Lan","Active","32","@MIN Tue 8:00PM","83","9.22","100%","0%"
"*04alw*","Cale Makar","COL","D","11","DJCarrot","Active","26","NJD Tue 9:00PM","82","8.2","100%","-0.1%"
"*04bdb*","Jack Hughes","NJD","F","10","Mando18","Active","24","@COL Tue 9:00PM","82","9.11","100%","0%"
"*0045k*","Evgeni Malkin","PIT","F","12","MagicFac","Active","39","@PHI Tue 6:00PM","81.5","8.15","84%","-3%"
"*04o0h*","Dylan Guenther","UTA","F","13","Olilapat","Active","22","@EDM Tue 9:30PM","80.5","8.05","99%","+0.1%"
"*03rh3*","Kirill Kaprizov","MIN","F","15","Doumi","Active","28","WPG Tue 8:00PM","79","7.9","100%","0%"
"*05ui2*","Logan Cooley","UTA","F","14","Pouding_","Reserve","21","@EDM Tue 9:30PM","79","7.9","98%","-0.2%"
"*02noj*","Tom Wilson","WSH","F","16","Boeuf_","Active","31","@DAL Tue 8:30PM","77.5","8.61","92%","-0.6%"
"*049k7*","Martin Necas","COL","F","18","DaddyX23","Active","26","NJD Tue 9:00PM","77","7.7","100%","-0.1%"
"*03jw0*","Joey Daccord","SEA","G","19","MagicFac","Reserve","29","MTL Tue 10:30PM","76.8","10.97","88%","-1.7%"
"*04mtp*","Dylan Cozens","OTT","F","20","Bigdawn","Active","24","@CHI Tue 8:45PM","76.5","7.65","90%","-1.4%"
"*048xc*","Nick Suzuki","MTL","F","21","Pouding_","Active","26","@SEA Tue 10:30PM","76","7.6","100%","-0.1%"
"*02yjl*","Leon Draisaitl","EDM","F","22","Pleka","Active","30","UTA Tue 9:30PM","75.5","7.55","100%","0%"
"*04mv2*","Cole Caufield","MTL","F","23","MagicFac","Active","24","@SEA Tue 10:30PM","74.5","7.45","100%","+0.1%"
"*05gvq*","Seth Jarvis","CAR","F","24","DaddyX23","Active","23","VGK Tue 6:30PM","73.5","9.19","100%","0%"
"*04xec*","Matt Boldy","MIN","F","25","Doumi","Active","24","WPG Tue 8:00PM","73","7.3","100%","0%"
"*05tqt*","Wyatt Johnston","DAL","F","26","DJCarrot","Active","22","WSH Tue 8:30PM","73","8.11","100%","0%"
"*02o7s*","Connor Hellebuyck","WPG","G","27","Fred_Lan","Active","32","@MIN Tue 8:00PM","72.85","10.41","100%","-0.2%"
"*03mn8*","Clayton Keller","UTA","F","28","Doumi","Active","27","@EDM Tue 9:30PM","72","7.2","100%","0%"
"*01zvf*","Mark Stone","VGK","F","29","Fred_Lan","Reserve","33","@CAR Tue 6:30PM","72","12","91%","-1.7%"
"*03mn9*","Mikko Rantanen","DAL","F","32","MagicFac","Active","28","WSH Tue 8:30PM","71.5","7.94","99%","0%"
"*03jxy*","Auston Matthews","TOR","F","31","Bigdawn","Active","28","CGY Tue 6:00PM","71.5","7.94","99%","-0.1%"
"*048w3*","Justin Brazeau","PIT","F","30","SamBleau","Active","27","@PHI Tue 6:00PM","71.5","7.15","53%","-5.4%"
"*03kra*","Kyle Connor","WPG","F","33","DaddyX23","Active","28","@MIN Tue 8:00PM","71","7.89","100%","0%"
"*031pl*","Juuse Saros","NSH","G","35","Doumi","Active","30","TBL Tue 7:45PM","71","8.88","90%","-1.3%"
"*03m26*","Conor Garland","VAN","F","34","DaddyX23","Active","29","NYR Tue 10:00PM","71","7.1","65%","-4.3%"
"*051lz*","Shane Pinto","OTT","F","36","Olilapat","Active","24","@CHI Tue 8:45PM","70.5","7.05","82%","-4.8%"
"*051z0*","Tim Stutzle","OTT","F","39","Boeuf_","Active","23","@CHI Tue 8:45PM","69","6.9","99%","-0.1%"
"*03167*","Bo Horvat","NYI","F","37","SamBleau","Reserve","30","@BOS Tue 7:15PM","69","8.62","90%","-1.5%"
"*02ybk*","Artturi Lehkonen","COL","F","38","DaddyX23","Active","30","NJD Tue 9:00PM","69","6.9","83%","-3.1%"
"*04bii*","Spencer Knight","CHI","G","41","DaddyX23","Active","24","OTT Tue 8:45PM","67.65","11.28","77%","-3.2%"
"*04dwj*","Jason Robertson","DAL","F","42","Bigdawn","Active","26","WSH Tue 8:30PM","67","7.44","100%","0%"
"*01c12*","John Tavares","TOR","F","43","SamBleau","Reserve","35","CGY Tue 6:00PM","67","7.44","99%","-0.1%"
"*042ye*","Jesper Bratt","NJD","F","44","Pouding_","Active","27","@COL Tue 9:00PM","66.5","7.39","100%","-0.2%"
"*04qy5*","Kirill Marchenko","CBJ","F","45","DJCarrot","Active","25","@BUF Tue 6:45PM","66","8.25","99%","-0.3%"
"*04mdc*","Logan Thompson","WSH","G","46","Bigdawn","Active","28","@DAL Tue 8:30PM","65.75","10.96","96%","-0.6%"
"*03ece*","Igor Shesterkin","NYR","G","47","DaddyX23","Active","29","@VAN Tue 10:00PM","65.65","8.21","95%","0%"
"*05oxs*","Jakub Dobes","MTL","G","48","DaddyX23","Reserve","24","@SEA Tue 10:30PM","65.45","13.09","66%","-6.3%"
"*050rc*","Dmitry Voronkov","CBJ","F","51","Olilapat","Active","25","@BUF Tue 6:45PM","65","8.12","73%","-3.8%"
"*06cl1*","Emmitt Finnie","DET","F","49","Pleka","Minors","20","@STL Tue 8:15PM","65","7.22","59%","-6.2%"
"*01ud1*","Sergei Bobrovsky","FLA","G","52","MagicFac","Active","37","ANA Tue 7:00PM","64.6","8.08","95%","-0.1%"
"*01zs1*","Scott Wedgewood","COL","G","53","MagicFac","Active","33","NJD Tue 9:00PM","64.6","7.18","75%","-7.4%"
"*02yjj*","William Nylander","TOR","F","54","SamBleau","Reserve","29","CGY Tue 6:00PM","64.5","8.06","99%","-0.1%"
"*048x9*","Elias Pettersson","VAN","F","55","Doumi","Active","26","NYR Tue 10:00PM","63.5","6.35","95%","0%"
"*04zo0*","Pavel Dorofeyev","VGK","F","56","Pouding_","Active","25","@CAR Tue 6:30PM","63","7","97%","-1.2%"
"*03ra8*","Timo Meier","NJD","F","57","SamBleau","Active","29","@COL Tue 9:00PM","63","7","91%","-1.2%"
"*03rih*","Karel Vejmelka","UTA","G","58","Pleka","Active","29","@EDM Tue 9:30PM","62.9","8.99","88%","-2.2%"
"*03as7*","Thatcher Demko","VAN","G","59","Bigdawn","Active","29","NYR Tue 10:00PM","62.7","10.45","94%","-0.9%"
"*05tur*","Matthew Knies","TOR","F","61","Bigdawn","Active","23","CGY Tue 6:00PM","62.5","6.94","99%","-0.2%"
"*042t5*","Tage Thompson","BUF","F","62","Doumi","Active","27","CBJ Tue 6:45PM","62","6.89","100%","-0.1%"
"*031p0*","Jake Guentzel","TBL","F","63","Mando18","Active","31","@NSH Tue 7:45PM","61.5","6.83","99%","-0.1%"
"*03yg3*","Mikhail Sergachev","UTA","D","65","DaddyX23","Active","27","@EDM Tue 9:30PM","61","6.1","98%","-0.2%"
"*05kua*","Emil Heineman","NYI","F","64","Fred_Lan","Minors","23","@BOS Tue 7:15PM","61","7.62","45%","-5.7%"
"*02un4*","Connor McDavid","EDM","F","67","Pleka","Active","28","UTA Tue 9:30PM","60.5","6.05","100%","-0.1%"
"*05rjd*","Cutter Gauthier","ANA","F","66","DJCarrot","Active","21","@FLA Tue 7:00PM","60.5","7.56","84%","-1.9%"
"*03rmx*","Sebastian Aho","CAR","F","68","Fred_Lan","Active","28","VGK Tue 6:30PM","60","7.5","99%","-0.1%"
"*02fzm*","Filip Forsberg","NSH","F","69","Doumi","Active","31","TBL Tue 7:45PM","60","6","98%","-0.4%"
"*02422*","Ryan Nugent-Hopkins","EDM","F","71","Boeuf_","Active","32","UTA Tue 9:30PM","60","6","94%","-1.4%"
"*05m17*","Frank Nazar","CHI","F","72","Bigdawn","Active","21","OTT Tue 8:45PM","59.5","6.61","87%","-3.7%"
"*05r1c*","Juraj Slafkovsky","MTL","F","78","Olilapat","Active","21","@SEA Tue 10:30PM","58.5","5.85","89%","-1.9%"
"*0457k*","Jake Oettinger","DAL","G","79","Pouding_","Active","26","WSH Tue 8:30PM","57.7","8.24","99%","0%"
"*03jvu*","Mitch Marner","VGK","F","80","MagicFac","Active","28","@CAR Tue 6:30PM","57.5","6.39","99%","-0.2%"
"*05gtp*","Dawson Mercer","NJD","F","81","Pleka","Reserve","24","@COL Tue 9:00PM","57.5","6.39","61%","-7.6%"
"*059e0*","Jake Sanderson","OTT","D","85","Mando18","Active","23","@CHI Tue 8:45PM","57","5.7","99%","0%"
"*03zul*","Filip Gustavsson","MIN","G","83","Fred_Lan","Active","27","WPG Tue 8:00PM","57","8.14","98%","-0.8%"
"*03as9*","Dylan Strome","WSH","F","86","MagicFac","Reserve","28","@DAL Tue 8:30PM","57","6.33","98%","-0.8%"
"*051v4*","Arturs Silovs","PIT","G","88","Olilapat","Active","24","@PHI Tue 6:00PM","56.55","11.31","54%","-7.2%"
"*03dms*","Kevin Fiala","LAK","F","89","SamBleau","Active","29","@SJS Tue 11:00PM","56.5","5.65","96%","-0.2%"
"*0457f*","Nico Hischier","NJD","F","90","Bigdawn","Active","26","@COL Tue 9:00PM","56","6.22","98%","-0.3%"
"*03rae*","Joel Eriksson Ek","MIN","F","91","Pouding_","Active","28","WPG Tue 8:00PM","55.5","5.55","90%","-1.4%"
"*03l0t*","Pavel Zacha","BOS","F","93","Bigdawn","Reserve","28","NYI Tue 7:15PM","55.5","5.05","60%","-6.4%"
"*051tx*","Aliaksei Protas","WSH","F","95","Doumi","Reserve","24","@DAL Tue 8:30PM","55","6.11","90%","-2.4%"
"*02b3o*","Rickard Rakell","PIT","F","96","SamBleau","Active","32","@PHI Tue 6:00PM","55","6.11","84%","-5%"
"*02noq*","Mike Matheson","MTL","D","94","Mando18","Active","31","@SEA Tue 10:30PM","55","5.5","83%","-3.5%"
"*03mqg*","Jakob Chychrun","WSH","D","99","MagicFac","Active","27","@DAL Tue 8:30PM","53.5","5.94","96%","-0.2%"
"*05y3a*","Leo Carlsson","ANA","F","98","Mando18","Minors","20","@FLA Tue 7:00PM","53.5","6.69","85%","-2.6%"
"*05r1l*","William Eklund","SJS","F","100","Doumi","Minors","23","LAK Tue 11:00PM","53.5","5.94","84%","-1.1%"
"*02ybn*","Josh Morrissey","WPG","D","102","Pleka","Active","30","@MIN Tue 8:00PM","53","5.89","99%","0%"
"*03161*","Darnell Nurse","EDM","D","103","MagicFac","Active","30","UTA Tue 9:30PM","53","5.3","76%","-1.1%"
"*05wwg*","Lane Hutson","MTL","D","106","Bigdawn","Active","21","@SEA Tue 10:30PM","52.5","5.25","100%","0%"
"*05r50*","Mackie Samoskevich","FLA","F","108","Boeuf_","Minors","22","ANA Tue 7:00PM","52.5","5.25","52%","-5.9%"
"*01c13*","Victor Hedman","TBL","D","109","Pleka","Active","34","@NSH Tue 7:45PM","52","5.78","99%","-0.2%"
"*004cq*","Alex Ovechkin","WSH","F","111","SamBleau","Reserve","40","@DAL Tue 8:30PM","52","5.78","95%","-0.3%"
"*04zj5*","JJ Peterka","UTA","F","112","Bigdawn","Minors","23","@EDM Tue 9:30PM","52","5.2","87%","-1.3%"
"*042w4*","Adam Fox","NYR","D","115","DJCarrot","Active","27","@VAN Tue 10:00PM","51.5","5.15","100%","-0.1%"
"*03rfl*","Anthony Cirelli","TBL","F","114","Boeuf_","Active","28","@NSH Tue 7:45PM","51.5","5.72","54%","-4.2%"
"*051wf*","Dustin Wolf","CGY","G","116","Pouding_","Active","24","@TOR Tue 6:00PM","51.25","5.69","95%","-1.7%"
"*04y4m*","Connor Bedard","CHI","F","117","Olilapat","Active","20","OTT Tue 8:45PM","51","5.67","100%","0%"
"*015pv*","John Carlson","WSH","D","118","Boeuf_","Active","35","@DAL Tue 8:30PM","51","5.67","95%","-0.5%"
"*03rf2*","Roope Hintz","DAL","F","119","Pleka","Active","28","WSH Tue 8:30PM","51","6.38","95%","-1.1%"
"*03d09*","Alex Tuch","BUF","F","120","Fred_Lan","Active","29","CBJ Tue 6:45PM","51","5.67","95%","-0.6%"
"*04lo0*","Quinton Byfield","LAK","F","121","MagicFac","Active","23","@SJS Tue 11:00PM","50.5","5.05","93%","-1.6%"
"*02wy5*","Nikita Zadorov","BOS","D","122","SamBleau","Active","30","NYI Tue 7:15PM","50.5","4.59","50%","-5.4%"
"*03rad*","Thomas Chabot","OTT","D","124","Bigdawn","Active","28","@CHI Tue 8:45PM","50","5","86%","-0.8%"
"*02yjp*","Ivan Barbashev","VGK","F","123","Boeuf_","Active","29","@CAR Tue 6:30PM","50","5.56","66%","-4.2%"
"*06gk0*","Matthew Schaefer","NYI","D","127","SamBleau","Active","18","@BOS Tue 7:15PM","49.5","6.19","96%","-1.3%"
"*04yqp*","Anton Lundell","FLA","F","126","Boeuf_","Reserve","24","ANA Tue 7:00PM","49.5","4.95","70%","-5.2%"
"*025me*","Brenden Dillon","NJD","D","125","DaddyX23","Active","34","@COL Tue 9:00PM","49.5","5.5","35%","-5.8%"
"*03rfo*","Daniel Vladar","PHI","G","128","Olilapat","Active","28","PIT Tue 6:00PM","49.35","9.87","38%","-6.2%"
"*03v70*","Alex DeBrincat","DET","F","129","Boeuf_","Reserve","27","@STL Tue 8:15PM","49","5.44","96%","-1.1%"
"*04f24*","Jeremy Swayman","BOS","G","131","Mando18","Active","26","NYI Tue 7:15PM","48.6","6.94","86%","-2.3%"
"*03yh8*","Owen Tippett","PHI","F","132","DaddyX23","Active","26","PIT Tue 6:00PM","48.5","6.06","64%","-3.5%"
"*04yu5*","Thomas Harley","DAL","D","135","Boeuf_","Active","24","WSH Tue 8:30PM","48","5.33","99%","-0.2%"
"*02azf*","Dougie Hamilton","NJD","D","134","Fred_Lan","Active","32","@COL Tue 9:00PM","48","5.33","92%","-0.5%"
"*05gd9*","Zack Bolduc","MTL","F","133","SamBleau","Active","22","@SEA Tue 10:30PM","48","4.8","63%","-7.4%"
"*016g3*","Erik Karlsson","PIT","D","136","Doumi","Active","35","@PHI Tue 6:00PM","47.5","4.75","84%","+0.1%"
"*059e5*","Jake Neighbours","STL","F","137","Fred_Lan","Active","23","DET Tue 8:15PM","47.5","5.94","66%","-6.2%"
"*05tcz*","Oliver Kapanen","MTL","F","139","MagicFac","Minors","22","@SEA Tue 10:30PM","47","4.7","32%","-4.7%"
"*02un5*","Sam Reinhart","FLA","F","142","Pleka","Active","29","ANA Tue 7:00PM","46.5","4.65","99%","-0.2%"
"*02aez*","J.T. Miller","NYR","F","141","Doumi","Reserve","32","@VAN Tue 10:00PM","46.5","4.65","99%","-0.3%"
"*04y8g*","Trevor Zegras","PHI","F","144","Bigdawn","Reserve","24","PIT Tue 6:00PM","46.5","5.81","68%","-2.3%"
"*064r2*","Ivan Demidov","MTL","F","146","DJCarrot","Active","19","@SEA Tue 10:30PM","46","4.6","96%","-0.4%"
"*03ebi*","Elvis Merzlikins","CBJ","G","150","Mando18","Active","31","@BUF Tue 6:45PM","45.6","11.4","40%","-3.6%"
"*03ra7*","Zach Werenski","CBJ","D","157","MagicFac","Active","28","@BUF Tue 6:45PM","45.5","5.69","100%","-0.1%"
"*02uws*","Mathew Barzal","NYI","F","152","Pouding_","Active","28","@BOS Tue 7:15PM","45.5","5.69","86%","-0.2%"
"*0644b*","Will Smith","SJS","F","161","DJCarrot","Reserve","20","LAK Tue 11:00PM","45","5","80%","-3.2%"
"*042vx*","Filip Hronek","VAN","D","159","Doumi","Reserve","27","NYR Tue 10:00PM","45","4.5","67%","-4.5%"
"*05lu8*","Alexander Nikishin","CAR","D","163","Doumi","Active","24","VGK Tue 6:30PM","44.5","5.56","92%","-1.9%"
"*04qyv*","Lukas Dostal","ANA","G","165","DJCarrot","Active","25","@FLA Tue 7:00PM","44.45","7.41","79%","-2.2%"
"*03yxp*","Stuart Skinner","EDM","G","170","SamBleau","Active","26","UTA Tue 9:30PM","43.5","7.25","88%","-2.7%"
"*05ymj*","Jimmy Snuggerud","STL","F","171","Fred_Lan","Active","21","DET Tue 8:15PM","43.5","4.83","70%","-4.2%"
"*0644f*","Ryan Leonard","WSH","F","174","DaddyX23","Minors","20","@DAL Tue 8:30PM","43","4.78","57%","-3.6%"
"*05k8c*","Tyson Foerster","PHI","F","172","MagicFac","Minors","23","PIT Tue 6:00PM","43","5.38","39%","-3.5%"
"*03wpm*","Charlie McAvoy","BOS","D","176","Pleka","Active","27","NYI Tue 7:15PM","42.5","3.86","93%","-0.5%"
"*04lbz*","Quinn Hughes","VAN","D","179","Doumi","Active","26","NYR Tue 10:00PM","42","4.67","100%","0%"
"*03w5m*","Gabriel Vilardi","WPG","F","181","Doumi","Reserve","26","@MIN Tue 8:00PM","42","4.67","86%","-2.7%"
"*05gd8*","Mason McTavish","ANA","F","180","Mando18","Minors","22","@FLA Tue 7:00PM","42","5.25","81%","-2.7%"
"*05tv0*","Jackson Blake","CAR","F","177","Olilapat","Reserve","22","VGK Tue 6:30PM","42","5.25","48%","-5.9%"
"*02np7*","Anthony Stolarz","TOR","G","184","Boeuf_","Active","31","CGY Tue 6:00PM","41.65","5.95","93%","-2.8%"
"*02oar*","Linus Ullmark","OTT","G","185","Doumi","Active","32","@CHI Tue 8:45PM","41.6","5.2","88%","-0.7%"
"*02nq3*","Shayne Gostisbehere","CAR","D","186","DJCarrot","Active","32","VGK Tue 6:30PM","41.5","8.3","95%","-1.3%"
"*03raf*","Brock Boeser","VAN","F","190","Pleka","Reserve","28","NYR Tue 10:00PM","41","5.12","75%","-2.4%"
"*04znw*","Brandt Clarke","LAK","D","193","MagicFac","Active","22","@SJS Tue 11:00PM","40.5","4.05","72%","-3.5%"
"*05kbn*","Will Cuylle","NYR","F","194","Olilapat","Active","23","@VAN Tue 10:00PM","40.5","4.05","62%","-5.7%"
"*04zb4*","Moritz Seider","DET","D","198","Pouding_","Active","24","@STL Tue 8:15PM","40","4.44","97%","-1%"
"*03bfj*","Artemi Panarin","NYR","F","203","Pleka","Active","33","@VAN Tue 10:00PM","39.5","3.95","98%","-0.5%"
"*04ld3*","Noah Dobson","MTL","D","200","DaddyX23","Active","25","@SEA Tue 10:30PM","39.5","3.95","95%","-0.5%"
"*04o0g*","Marco Rossi","MIN","F","204","Boeuf_","Reserve","24","WPG Tue 8:00PM","39.5","4.39","74%","-3.5%"
"*05ylt*","Zach Benson","BUF","F","199","Doumi","Minors","20","CBJ Tue 6:45PM","39.5","6.58","63%","-7.3%"
"*04ad7*","Rasmus Dahlin","BUF","D","206","Doumi","Active","25","CBJ Tue 6:45PM","39","4.33","99%","-0.1%"
"*042vl*","Jordan Kyrou","STL","F","214","MagicFac","Reserve","27","DET Tue 8:15PM","38.5","4.28","91%","-0.8%"
"*05r1i*","Matty Beniers","SEA","F","212","Pleka","Minors","22","MTL Tue 10:30PM","38.5","4.28","54%","-5.2%"
"*04r01*","Akira Schmid","VGK","G","215","MagicFac","Minors","25","@CAR Tue 6:30PM","38.35","7.67","46%","-6.9%"
"*04an5*","Miro Heiskanen","DAL","D","218","DJCarrot","Active","26","WSH Tue 8:30PM","38","4.22","96%","-0.8%"
"*06bmb*","Zeev Buium","MIN","D","216","Mando18","Active","19","WPG Tue 8:00PM","38","3.8","94%","-1.6%"
"*02b70*","Nikita Kucherov","TBL","F","226","Pouding_","Active","32","@NSH Tue 7:45PM","37.5","5.36","100%","-0.1%"
"*04y80*","Shane Wright","SEA","F","229","Mando18","Minors","21","MTL Tue 10:30PM","37.5","4.17","53%","-5.2%"
"*01zql*","Brock Nelson","COL","F","235","Mando18","Active","34","NJD Tue 9:00PM","36.5","3.65","56%","-5.2%"
"*01t68*","Cam Talbot","DET","G","236","Mando18","Reserve","38","@STL Tue 8:15PM","36.25","7.25","44%","-12.3%"
"*03rf8*","Vince Dunn","SEA","D","237","Pleka","Active","28","MTL Tue 10:30PM","36","4","93%","-1.4%"
"*05nzz*","Simon Edvinsson","DET","D","240","Olilapat","Active","22","@STL Tue 8:15PM","35.5","3.94","57%","-4.9%"
"*05ril*","Simon Nemec","NJD","D","245","Olilapat","Active","21","@COL Tue 9:00PM","35.5","3.94","46%","-3.7%"
"*02nom*","Andrei Vasilevskiy","TBL","G","247","Pleka","Reserve","31","@NSH Tue 7:45PM","35.05","5.84","97%","-0.5%"
"*04ymt*","Lucas Raymond","DET","F","254","DJCarrot","Active","23","@STL Tue 8:15PM","35","5","97%","-1.1%"
"*01fx3*","Roman Josi","NSH","D","251","Doumi","Inj Res","35","TBL Tue 7:45PM","35","4.38","96%","-1.5%"
"*02noe*","Morgan Rielly","TOR","D","255","SamBleau","Active","31","CGY Tue 6:00PM","35","4.38","96%","-1%"
"*05kdw*","Ridly Greig","OTT","F","250","Boeuf_","Minors","23","@CHI Tue 8:45PM","35","3.5","26%","-4.9%"
"*02npz*","Esa Lindell","DAL","D","252","Bigdawn","Active","31","WSH Tue 8:30PM","35","3.89","25%","-4.4%"
"*04lc0*","Evan Bouchard","EDM","D","257","Boeuf_","Active","26","UTA Tue 9:30PM","34.5","3.45","99%","-0.2%"
"*03de2*","Brandon Montour","SEA","D","260","DaddyX23","Active","31","MTL Tue 10:30PM","34.5","6.9","93%","-1%"
"*060jl*","Jiri Kulich","BUF","F","259","Olilapat","Reserve","21","CBJ Tue 6:45PM","34.5","3.83","37%","-3.5%"
"*02g00*","Aaron Ekblad","FLA","D","264","Fred_Lan","Active","29","ANA Tue 7:00PM","34","3.4","91%","-2.3%"
"*0243f*","Seth Jones","FLA","D","265","Mando18","Reserve","31","ANA Tue 7:00PM","34","3.4","89%","-0.9%"
"*02wy7*","Pavel Buchnevich","STL","F","261","Mando18","Active","30","DET Tue 8:15PM","34","3.78","67%","-2.4%"
"*0222k*","Darcy Kuemper","LAK","G","267","SamBleau","Active","35","@SJS Tue 11:00PM","33.85","5.64","91%","-2.2%"
"*0579x*","Adam Fantilli","CBJ","F","270","Pouding_","Reserve","21","@BUF Tue 6:45PM","33.5","4.19","91%","-2%"
"*051yz*","Dylan Holloway","STL","F","271","Olilapat","Reserve","24","DET Tue 8:15PM","33.5","3.72","86%","-3.3%"
"*031p3*","Carter Verhaeghe","FLA","F","275","DaddyX23","Reserve","30","ANA Tue 7:00PM","33.5","3.35","85%","-1.9%"
"*03e7p*","Travis Sanheim","PHI","D","274","Olilapat","Reserve","29","PIT Tue 6:00PM","33.5","4.19","63%","-4.9%"
"*0322w*","Ilya Sorokin","NYI","G","276","Pleka","Active","30","@BOS Tue 7:15PM","33.3","5.55","88%","-1.2%"
"*042yb*","Brandon Hagel","TBL","F","280","DJCarrot","Active","27","@NSH Tue 7:45PM","33","3.67","96%","-0.9%"
"*04ymn*","Luke Hughes","NJD","D","288","Mando18","Minors","22","@COL Tue 9:00PM","32.5","3.61","97%","-0.7%"
"*038vb*","Travis Konecny","PHI","F","289","Boeuf_","Reserve","28","PIT Tue 6:00PM","32.5","4.06","92%","-1%"
"*02nqb*","Colton Parayko","STL","D","292","SamBleau","Active","32","DET Tue 8:15PM","32.5","3.61","77%","-2%"
"*04qve*","KAndre Miller","CAR","D","291","Pleka","Inj Res","25","VGK Tue 6:30PM","32.5","5.42","62%","-8.6%"
"*04apb*","Robert Thomas","STL","F","301","Mando18","Reserve","26","DET Tue 8:15PM","32","4","95%","-1.4%"
"*05yms*","Sam Rinzel","CHI","D","307","Pouding_","Reserve","21","OTT Tue 8:45PM","31.5","3.5","77%","-4.3%"
"*03ecl*","Gustav Forsling","FLA","D","305","Boeuf_","Active","29","ANA Tue 7:00PM","31.5","3.15","65%","-5.9%"
"*024lv*","Mattias Ekholm","EDM","D","303","Pouding_","Active","35","UTA Tue 9:30PM","31.5","3.15","59%","-3.6%"
"*03e1m*","Brayden Point","TBL","F","313","MagicFac","Reserve","29","@NSH Tue 7:45PM","31","3.44","99%","-0.3%"
"*031nx*","Shea Theodore","VGK","D","317","Pleka","Reserve","30","@CAR Tue 6:30PM","31","3.44","96%","-1.2%"
"*06hcw*","Beckett Sennecke","ANA","F","314","Fred_Lan","Reserve","19","@FLA Tue 7:00PM","31","3.88","54%","-7.2%"
"*03as6*","Jared McCann","SEA","F","323","Fred_Lan","Reserve","29","MTL Tue 10:30PM","30.5","6.1","77%","-3.5%"
"*05ltj*","Brock Faber","MIN","D","322","Pouding_","Minors","23","WPG Tue 8:00PM","30.5","3.05","68%","-3.1%"
"*05rf2*","Logan Stankoven","CAR","F","326","Bigdawn","Reserve","22","VGK Tue 6:30PM","30.5","3.81","65%","-3.9%"
"*04ldb*","Bowen Byram","BUF","D","321","Olilapat","Active","24","CBJ Tue 6:45PM","30.5","3.39","53%","-3.4%"
"*05y7m*","Denton Mateychuk","CBJ","D","329","Olilapat","Active","21","@BUF Tue 6:45PM","30","3.75","43%","-3.9%"
"*051m4*","Jackson LaCombe","ANA","D","341","Pouding_","Active","24","@FLA Tue 7:00PM","29","3.62","93%","-2.1%"
"*049ph*","Neal Pionk","WPG","D","343","Fred_Lan","Active","30","@MIN Tue 8:00PM","29","3.22","70%","-3.1%"
"*060jj*","Jani Nyman","SEA","F","342","Pouding_","Minors","21","MTL Tue 10:30PM","29","3.22","26%","-4.1%"
"*062k9*","Noah Laba","NYR","F","347","Olilapat","Minors","22","@VAN Tue 10:00PM","28.5","2.85","9%","-2.5%"
"*05gda*","Kent Johnson","CBJ","F","373","Pleka","Minors","23","@BUF Tue 6:45PM","26.5","3.31","70%","-2.1%"
"*03as8*","Nikolaj Ehlers","CAR","F","398","DJCarrot","Reserve","29","VGK Tue 6:30PM","25.5","3.19","88%","-1.6%"
"*03ec6*","Devon Toews","COL","D","404","Pouding_","Active","31","NJD Tue 9:00PM","25.5","2.55","74%","-2.7%"
"*039cg*","Sam Bennett","FLA","F","418","DaddyX23","Reserve","29","ANA Tue 7:00PM","24","2.4","76%","-3.1%"
"*05xrx*","Marco Kasper","DET","F","423","Pouding_","Minors","21","@STL Tue 8:15PM","24","2.67","58%","-5.3%"
"*04yn0*","Connor McMichael","WSH","F","424","DaddyX23","Reserve","24","@DAL Tue 8:30PM","24","2.67","56%","-4.6%"
"*04zp9*","Mavrik Bourque","DAL","F","419","DaddyX23","Minors","23","WSH Tue 8:30PM","24","2.67","34%","-4.4%"
"*04xjf*","Owen Power","BUF","D","432","DJCarrot","Reserve","22","CBJ Tue 6:45PM","23.5","2.94","62%","-3.6%"
"*04mx6*","Kaiden Guhle","MTL","D","436","DaddyX23","Inj Res","23","@SEA Tue 10:30PM","23","4.6","42%","-4%"
"*05gvo*","Matvei Michkov","PHI","F","447","Olilapat","Minors","20","PIT Tue 6:00PM","22.5","2.81","91%","-2%"
"*03dde*","Jake Walman","EDM","D","458","Fred_Lan","Active","29","UTA Tue 9:30PM","22","5.5","86%","-2.5%"
"*04kyh*","Brady Tkachuk","OTT","F","466","DJCarrot","Inj Res","26","@CHI Tue 8:45PM","21.5","7.17","97%","-0.4%"
"*06snb*","Benjamin Kindel","PIT","F","461","DJCarrot","Minors","18","@PHI Tue 6:00PM","21.5","2.69","27%","-3.2%"
"*05tas*","Olen Zellweger","ANA","D","475","Olilapat","Minors","22","@FLA Tue 7:00PM","21","2.62","50%","-4.9%"
"*060hp*","Lian Bichsel","DAL","D","468","MagicFac","Minors","21","WSH Tue 8:30PM","21","2.33","41%","-5.4%"
"*06axy*","Artyom Levshunov","CHI","D","482","Mando18","Minors","20","OTT Tue 8:45PM","20.5","2.56","53%","-3.8%"
"*06bap*","Easton Cowan","TOR","F","479","DJCarrot","Minors","20","CGY Tue 6:00PM","20.5","3.42","37%","-4.6%"
"*04ai3*","Kevin Lankinen","VAN","G","486","Pouding_","Reserve","30","NYR Tue 10:00PM","20.35","5.09","29%","-6.3%"
"*0529k*","Yaroslav Askarov","SJS","G","492","Mando18","Minors","23","LAK Tue 11:00PM","19.9","3.98","58%","-5%"
"*03mkm*","Adin Hill","VGK","G","493","DJCarrot","Reserve","29","@CAR Tue 6:30PM","19.55","3.91","92%","-2.6%"
"*04ymm*","Aatu Raty","VAN","F","509","SamBleau","Minors","22","NYR Tue 10:00PM","19","2.38","19%","-3%"
"*05ran*","Matt Coronato","CGY","F","521","Boeuf_","Minors","22","@TOR Tue 6:00PM","17.5","1.94","51%","-6.1%"
"*067xz*","Axel Sandin Pellikka","DET","D","532","Doumi","Minors","20","@STL Tue 8:15PM","17","1.89","44%","-4.4%"
"*03wpo*","Dante Fabbro","CBJ","D","541","Bigdawn","Active","27","@BUF Tue 6:45PM","16","2","13%","-3%"
"*061im*","Michael Misa","SJS","F","554","Fred_Lan","Minors","18","LAK Tue 11:00PM","15.5","3.1","58%","-2.7%"
"*03rfp*","Sam Montembeault","MTL","G","555","Boeuf_","Active","28","@SEA Tue 10:30PM","15.45","3.09","87%","-5.6%"
"*05yli*","Pavel Mintyukov","ANA","D","561","Bigdawn","Minors","21","@FLA Tue 7:00PM","15","1.88","36%","-3%"
"*065nx*","Berkly Catton","SEA","F","565","Olilapat","Minors","19","MTL Tue 10:30PM","14.5","3.62","39%","-3.5%"
"*01zu8*","John Klingberg","SJS","D","580","Fred_Lan","Inj Res","33","LAK Tue 11:00PM","13.5","4.5","42%","-5.2%"
"*04yg5*","Jesper Wallstedt","MIN","G","581","DJCarrot","Minors","22","WPG Tue 8:00PM","13.05","4.35","42%","-6.9%"
"*01skq*","Cam Fowler","STL","D","590","Bigdawn","Reserve","33","DET Tue 8:15PM","12.5","1.39","62%","-5.5%"
"*04qxy*","Alexander Romanov","NYI","D","591","Mando18","Active","25","@BOS Tue 7:15PM","12.5","3.12","37%","-3.6%"
"*01d6c*","Jacob Markstrom","NJD","G","595","DJCarrot","Active","35","@COL Tue 9:00PM","12.05","4.02","90%","-2%"
"*06hco*","Zayne Parekh","CGY","D","600","DJCarrot","Minors","19","@TOR Tue 6:00PM","12","1.5","72%","-3.6%"
"*03wpi*","Pierre-Luc Dubois","WSH","F","662","Mando18","Reserve","27","@DAL Tue 8:30PM","6.5","1.62","61%","-4.2%"
"*05oxl*","Leevi Merilainen","OTT","G","667","Bigdawn","Minors","23","@CHI Tue 8:45PM","6.25","3.13","30%","-4.5%"
"*05rjg*","Danila Yurov","MIN","F","674","Fred_Lan","Minors","21","WPG Tue 8:00PM","6","0.75","41%","-4%"
"*06rus*","Brady Martin","NSH","F","685","Bigdawn","Minors","18","TBL Tue 7:45PM","5","1.67","34%","-3.4%"
"*06amv*","Sam Dickinson","SJS","D","689","Bigdawn","Minors","19","LAK Tue 11:00PM","4.5","0.64","43%","-3.6%"
"*02b76*","Vincent Trocheck","NYR","F","709","Boeuf_","Inj Res","32","@VAN Tue 10:00PM","3.5","1.75","86%","-1.5%"
"*06axz*","Bradly Nadeau","CAR","F","731","Olilapat","Minors","20","VGK Tue 6:30PM","2","2","28%","-3.1%"
"*03j8l*","Noah Hanifin","VGK","D","735","Fred_Lan","Inj Res","28","@CAR Tue 6:30PM","1.5","1.5","77%","-3%"
"*05k9a*","Emil Andrae","PHI","D","747","SamBleau","Minors","23","PIT Tue 6:00PM","0.5","0.5","12%","-2.2%"
"*0457i*","Ukko-Pekka Luukkonen","BUF","G","750","Doumi","Reserve","26","CBJ Tue 6:45PM","0.1","0.1","63%","-4.2%"
"*03mbn*","Mackenzie Blackwood","COL","G","1328","DaddyX23","Inj Res","28","NJD Tue 9:00PM","0","0","97%","-0.4%"
"*03uzr*","Matthew Tkachuk","FLA","F","7684","DJCarrot","Inj Res","27","ANA Tue 7:00PM","0","0","93%","-1.4%"
"*01ztp*","Zach Hyman","EDM","F","3685","Pouding_","Inj Res","33","UTA Tue 9:30PM","0","0","91%","-1.2%"
"*04uql*","Cole Perfetti","WPG","F","6070","DJCarrot","Minors","23","@MIN Tue 8:00PM","0","0","69%","-3.3%"
"*02un7*","Aleksander Barkov","FLA","F","1060","Pouding_","Inj Res","30","ANA Tue 7:00PM","0","0","61%","-2.4%"
"*042w1*","Joseph Woll","TOR","G","8242","Olilapat","Inj Res","27","CGY Tue 6:00PM","0","0","59%","-3.4%"
"*06ag2*","James Hagens","BOS","F","3251","Boeuf_","Minors","18","NYI Tue 7:15PM","0","0","39%","-2.6%"
"*06axe*","Gabe Perreault","NYR","F","6078","Bigdawn","Minors","20","@VAN Tue 10:00PM","0","0","39%","-2.7%"
"*06jhd*","Anton Frondell","CHI","F","2840","DJCarrot","Minors","18","OTT Tue 8:45PM","0","0","39%","-2.5%"
"*068yz*","Jacob Fowler","MTL","G","2790","Olilapat","Minors","20","@SEA Tue 10:30PM","0","0","38%","-2.8%"
"*06hj9*","Porter Martone","PHI","F","5069","DJCarrot","Minors","19","PIT Tue 6:00PM","0","0","38%","-2.3%"
"*06fzv*","Cole Hutson","WSH","D","3676","Olilapat","Minors","19","@DAL Tue 8:30PM","0","0","37%","-3%"
"*06jhc*","Tij Iginla","UTA","F","3695","DaddyX23","Minors","19","@EDM Tue 9:30PM","0","0","37%","-3%"
"*06hcq*","Carter Yakemchuk","OTT","D","8276","Fred_Lan","Minors","20","@CHI Tue 8:45PM","0","0","37%","-3.3%"
"*06loq*","Caleb Desnoyers","UTA","F","2262","DaddyX23","Minors","18","@EDM Tue 9:30PM","0","0","36%","-2.6%"
"*06ig3*","Cayden Lindstrom","CBJ","F","4730","Fred_Lan","Minors","19","@BUF Tue 6:45PM","0","0","34%","-2.8%"
"*05ui4*","Dalibor Dvorsky","STL","F","2425","DJCarrot","Minors","20","DET Tue 8:15PM","0","0","33%","-2.7%"
"*05rjy*","Cole Eiserman","NYI","F","2471","Fred_Lan","Minors","19","@BOS Tue 7:15PM","0","0","32%","-2.8%"
"*05w9b*","Calum Ritchie","NYI","F","6579","Doumi","Minors","20","@BOS Tue 7:15PM","0","0","32%","-3.2%"
"*06imm*","Roger McQueen","ANA","F","5266","DaddyX23","Minors","19","@FLA Tue 7:00PM","0","0","32%","-2.7%"
"*05o01*","Sebastian Cossa","DET","G","2021","Mando18","Minors","22","@STL Tue 8:15PM","0","0","31%","-3%"
"*06nkc*","Jake OBrien","SEA","F","5782","DJCarrot","Minors","18","MTL Tue 10:30PM","0","0","30%","-3.1%"
"*05rj2*","Scott Morrow","NYR","D","5500","SamBleau","Minors","22","@VAN Tue 10:00PM","0","0","30%","-2.8%"
"*05mwh*","Devon Levi","BUF","G","4686","Bigdawn","Minors","23","CBJ Tue 6:45PM","0","0","30%","-2.6%"
"*06pyw*","Victor Eklund","NYI","F","2478","Mando18","Minors","19","@BOS Tue 7:15PM","0","0","29%","-2.8%"
"*067yd*","David Reinbacher","MTL","D","6517","SamBleau","Minors","21","@SEA Tue 10:30PM","0","0","29%","-2.6%"
"*058t9*","Seamus Casey","NJD","D","1776","Doumi","Minors","21","@COL Tue 9:00PM","0","0","29%","-4.1%"
"*06pyp*","Radim Mrtka","BUF","D","5522","DaddyX23","Minors","18","CBJ Tue 6:45PM","0","0","28%","-2.8%"
"*064om*","Michael Hage","MTL","F","3247","DaddyX23","Minors","19","@SEA Tue 10:30PM","0","0","27%","-2.7%"
"*05aa0*","Brayden Yager","WPG","F","8275","Fred_Lan","Minors","20","@MIN Tue 8:00PM","0","0","27%","-2.1%"
"*06rqm*","Carter Bear","DET","F","1111","DaddyX23","Minors","18","@STL Tue 8:15PM","0","0","26%","-2.8%"
"*06hcy*","Liam Greentree","LAK","F","3146","Pouding_","Minors","19","@SJS Tue 11:00PM","0","0","26%","-3.1%"
"*06sqf*","Braeden Cootes","VAN","F","1997","DaddyX23","Minors","18","NYR Tue 10:00PM","0","0","25%","-2.9%"
"*06pyk*","Justin Carbonneau","STL","F","1730","Pouding_","Minors","18","DET Tue 8:15PM","0","0","25%","-3%"
"*066q4*","Konsta Helenius","BUF","F","3413","DJCarrot","Minors","19","CBJ Tue 6:45PM","0","0","25%","-2.7%"
"*06hcp*","Anton Silayev","NJD","D","7110","Fred_Lan","Minors","19","@COL Tue 9:00PM","0","0","24%","-2%"
"*06h8h*","Trevor Connelly","VGK","F","1979","Pouding_","Minors","19","@CAR Tue 6:30PM","0","0","24%","-2.4%"
"*06nke*","Jackson Smith","CBJ","D","7219","Mando18","Minors","18","@BUF Tue 6:45PM","0","0","24%","-2.2%"
"*06sn9*","Kashawn Aitcheson","NYI","D","797","Bigdawn","Minors","19","@BOS Tue 7:15PM","0","0","23%","-2.1%"
"*06maz*","Ilya Protas","WSH","F","6354","Pouding_","Minors","19","@DAL Tue 8:30PM","0","0","23%","-3.3%"
"*06spu*","Alexander Zharovsky","MTL","F","8373","MagicFac","Minors","18","@SEA Tue 10:30PM","0","0","22%","-2.8%"
"*06jhe*","Cole Reschny","CGY","F","6532","Fred_Lan","Minors","18","@TOR Tue 6:00PM","0","0","22%","-2.1%"
"*06snc*","Jack Nesbitt","PHI","F","5657","Olilapat","Minors","18","PIT Tue 6:00PM","0","0","19%","-2.4%"
"*05yn1*","Jagger Firkus","SEA","F","2688","MagicFac","Minors","21","MTL Tue 10:30PM","0","0","19%","-1.9%"
"*06snd*","Lynden Lakovic","WSH","F","4474","Doumi","Minors","18","@DAL Tue 8:30PM","0","0","18%","-2.1%"
"*06rut*","Cameron Reid","NSH","D","6507","Fred_Lan","Minors","18","TBL Tue 7:45PM","0","0","17%","-1.9%"
"*06pyr*","Cullen Potter","CGY","F","6303","Boeuf_","Minors","18","@TOR Tue 6:00PM","0","0","16%","-2.1%"
"*06pyz*","Bill Zonnon","PIT","F","8395","SamBleau","Minors","19","@PHI Tue 6:00PM","0","0","15%","-1.7%"
"*064n0*","Malcolm Spence","NYR","F","7296","Boeuf_","Minors","19","@VAN Tue 10:00PM","0","0","15%","-1.3%"
"*06lop*","Ivan Ryabkin","CAR","F","6734","MagicFac","Minors","18","VGK Tue 6:30PM","0","0","15%","-1.8%"
"*06loc*","Yegor Surin","NSH","F","7500","Pleka","Minors","19","TBL Tue 7:45PM","0","0","15%","-1.8%"
"*06pyi*","Logan Hensler","OTT","D","3454","Doumi","Minors","19","@CHI Tue 8:45PM","0","0","15%","-1.6%"
"*06lor*","Sascha Boumedienne","WPG","D","1427","Olilapat","Minors","18","@MIN Tue 8:00PM","0","0","14%","-1.2%"
"*06sqm*","Ryker Lee","NSH","F","4620","Mando18","Minors","18","TBL Tue 7:45PM","0","0","14%","-2.2%"
"*06axx*","William Horcoff","PIT","F","3586","Bigdawn","Minors","18","@PHI Tue 6:00PM","0","0","14%","-1.8%"
"*05yfk*","Mikhail Gulyayev","COL","D","3199","SamBleau","Minors","20","NJD Tue 9:00PM","0","0","13%","-1.3%"
"*06pys*","Cameron Schmidt","DAL","F","6910","Olilapat","Minors","18","WSH Tue 8:30PM","0","0","13%","-1.4%"
"*06sqp*","Vaclav Nestrasil","CHI","F","5661","SamBleau","Minors","18","OTT Tue 8:45PM","0","0","11%","-1.3%"
"*06sqq*","Henry Brzustewicz","LAK","D","1583","MagicFac","Minors","18","@SJS Tue 11:00PM","0","0","11%","-1.2%"
"*06cfs*","Florian Xhekaj","MTL","F","8273","DaddyX23","Minors","21","@SEA Tue 10:30PM","0","0","7%","-1.5%"
"*06sq9*","Cooper Simpson","BOS","F","7132","Pouding_","Minors","18","NYI Tue 7:15PM","0","0","5%","-1%"
"*05tqu*","Logan Mailloux","STL","D","8416","Pleka","Minors","22","DET Tue 8:15PM","-0.5","-0.08","38%","-4.6%"
